customer_id,campaign_id,coupon_id,p_with_coupon,p_without_coupon,uplift,actual_redemption,treatment
1574,13,468,0.9965252258036307,2.229849392135668e-07,0.9965250028186915,1,1
235,9,468,0.9956667400080945,0.0005785871743483764,0.9950881528337462,0,0
1052,13,21,0.9877575686132711,6.519905076095297e-08,0.9877575034142204,1,1
626,13,786,0.987033752203161,4.374727434691523e-05,0.9869900049288142,0,1
162,13,21,0.98157079275751,7.366276554338492e-07,0.9815700561298546,1,1
1136,8,9,0.9811859689194438,3.7558361194590716e-07,0.9811855933358318,1,1
1558,8,705,0.9779379935173318,6.622976960000969e-07,0.9779373312196358,0,1
1549,8,6,0.9912127818902631,0.015866321544749814,0.9753464603455133,1,1
891,8,754,0.973233879199592,0.0002282056264468741,0.9730056735731452,1,1
959,13,468,0.9682666870866815,2.46783658469015e-06,0.9682642192500969,1,1
1250,13,754,0.9928366555341509,0.025246215543802727,0.9675904399903482,1,1
1542,13,253,0.967444010971786,7.427381556414266e-10,0.9674440102290478,0,1
317,8,907,0.9659752637759733,2.1077448081435373e-08,0.9659752426985252,0,1
1463,9,705,0.9637790523540681,2.2762608622246555e-07,0.9637788247279819,0,0
1558,9,468,0.9630825155184909,1.4508955407576084e-06,0.9630810646229502,0,0
510,26,349,0.9596025395184611,2.352906178308087e-05,0.959579010456678,0,1
594,8,727,0.9579423975202503,9.744696799659635e-06,0.9579326528234506,0,1
706,8,9,0.9577652585178804,2.10968916329456e-06,0.9577631488287172,1,1
594,8,846,0.9574778185429226,9.481673962814945e-06,0.9574683368689597,0,1
933,13,726,0.9554787191997862,1.8162979347315171e-06,0.9554769029018515,0,1
844,10,457,0.954931714434812,0.00028352098023886723,0.9546481934545731,0,0
1340,13,408,0.9508692776153761,7.681094831402925e-06,0.9508615965205447,1,1
401,28,529,0.9487732874197121,7.774835312667604e-06,0.9487655125843995,0,0
378,5,934,0.948237545495599,1.8539347979511567e-07,0.9482373601021192,0,0
1574,8,983,0.9478489360635559,2.4934648667945114e-07,0.9478486867170692,1,1
1142,5,934,0.9478480405839789,7.229970830749532e-07,0.9478473175868958,0,0
463,13,770,0.9422562809686306,3.433674900422467e-08,0.9422562466318816,0,1
235,9,705,0.9419920366533097,0.001324273861112049,0.9406677627921977,1,0
551,13,672,0.9483122675774142,0.008870496194176174,0.939441771383238,0,1
228,13,796,0.9387489424748138,1.8464795572027243e-06,0.9387470959952565,0,1
153,30,909,0.9375658584399567,4.815296605843283e-09,0.93756585362466,0,1
378,10,934,0.9373284941612092,1.442250621613574e-05,0.9373140716549931,0,0
737,12,705,0.9372592656606032,3.7299729543385512e-06,0.9372555356876489,0,0
909,8,942,0.9370770649361594,1.4735087575991611e-05,0.9370623298485834,0,1
1549,8,1059,0.9494806616385681,0.012604812834263414,0.9368758488043047,0,1
1521,13,672,0.9320280563085697,5.443110569569377e-06,0.9320226131980001,0,1
766,13,960,0.945781563833423,0.013849743823255848,0.9319318200101672,1,1
967,8,911,0.9311608158072585,4.013634234344026e-07,0.9311604144438351,0,1
877,13,754,0.923542493656156,6.3813592162340215e-06,0.9235361122969398,1,1
1210,13,512,0.9196181625943055,2.7382302696712117e-07,0.9196178887712786,0,1
1387,1,562,0.9188537417635734,8.966454879882278e-06,0.9188447753086935,0,0
706,13,942,0.92007052946128,0.0015217058459870364,0.918548823615293,1,1
63,13,22,0.9181013769602983,0.00029917293454976814,0.9178022040257485,0,1
63,9,468,0.9198046012870987,0.002338862995272127,0.9174657382918266,0,0
1387,28,529,0.9156100613820964,1.2206949004564793e-05,0.9155978544330918,0,0
933,13,942,0.9155816376384144,9.233286082351004e-07,0.9155807143098061,0,1
367,10,824,0.9145069605313026,2.466623206269967e-09,0.9145069580646794,0,0
1582,9,287,0.91086401291276,5.363680181330194e-06,0.9108586492325786,0,0
63,1,562,0.91027417651234,0.0014886658248616333,0.9087855106874784,0,0
389,5,455,0.9076086406423101,0.0016269814440595847,0.9059816591982505,0,0
712,10,457,0.9053183826113003,0.0014721998704671684,0.9038461827408331,0,0
1574,11,669,0.903961017616019,0.0014969172877926098,0.9024641003282263,0,0
844,11,913,0.8999001421245311,9.950823039040361e-05,0.8998006338941407,0,0
1386,9,788,0.8996480071516182,0.0001343133801930547,0.8995136937714251,0,0
378,13,786,0.8989962264869897,5.040431546389144e-07,0.8989957224438351,0,1
1529,8,705,0.8981730137268593,1.0827639600137935e-06,0.8981719309628993,0,1
1441,30,1036,0.9401599346887904,0.04256699937995898,0.8975929353088314,0,1
1298,26,783,0.8965310218647887,6.69816954855122e-05,0.8964640401693033,0,1
565,13,625,0.8959368519926156,5.7863769619088583e-05,0.8958789882229965,0,1
378,13,960,0.8911196386248068,0.0004060238576718246,0.890713614767135,0,1
891,13,601,0.8888497643413367,0.000274683910293145,0.8885750804310435,0,1
737,12,572,0.8897695360161094,0.0018732286317947988,0.8878963073843146,0,0
1529,10,431,0.8866743454811136,6.882896762516141e-08,0.8866742766521459,0,0
235,13,754,0.8868539665590136,0.00025335037034043367,0.8866006161886731,1,1
1136,8,916,0.8848306489147396,3.5490943602534116e-05,0.8847951579711371,0,1
1025,26,468,0.8844333489484613,1.4747004299364544e-05,0.8844186019441619,0,1
844,10,431,0.8814742649201263,1.0430801879930862e-06,0.8814732218399383,0,0
1257,12,572,0.8805621655972115,1.838775608037894e-06,0.8805603268216035,0,0
235,8,964,0.8788830860591241,0.00010150966761926271,0.8787815763915049,0,1
1558,13,960,0.9572628385927152,0.07898667003380307,0.8782761685589121,1,1
8,10,431,0.8768106916522663,4.3048642967765495e-07,0.8768102611658366,0,0
1582,8,1081,0.8746356082865003,4.6442246699404124e-05,0.874589166039801,0,1
45,8,1048,0.8744582368517649,6.160796775688342e-07,0.8744576207720873,0,1
366,8,6,0.872595207961526,1.0214545681285756e-06,0.8725941865069579,0,1
1547,8,911,0.87144900974606,3.315014869140369e-07,0.8714486782445731,0,1
15,13,692,0.8703216332520974,0.0032304442731000893,0.8670911889789974,0,1
1529,12,705,0.8665243034160197,9.464988531574657e-07,0.8665233569171665,0,0
1386,9,896,0.8653665625937076,7.524762392261201e-06,0.8653590378313153,0,0
1412,9,468,0.8649046923495803,7.733963352577611e-08,0.8649046150099469,0,0
1463,27,718,0.8634439462833473,1.1295268224435307e-07,0.8634438333306651,0,0
706,11,971,0.8634281321245049,1.615457908844896e-05,0.8634119775454164,0,0
1529,13,601,0.8635420607689626,0.0003055072808172273,0.8632365534881453,0,1
1471,8,616,0.8601786369998595,5.9660699592225786e-06,0.8601726709299004,0,1
1259,13,995,0.8598653040032911,9.073310352286087e-07,0.8598643966722559,0,1
1549,8,705,0.8865013044240198,0.028635279730933494,0.8578660246930863,1,1
1259,8,902,0.8576870178467716,7.734144219634039e-06,0.857679283702552,0,1
1574,4,591,0.8584346866371276,0.0013288077195390527,0.8571058789175886,0,0
528,9,896,0.8551342959276853,7.008296789516839e-06,0.8551272876308957,0,0
1457,12,783,0.858374603489421,0.007826008006061815,0.8505485954833591,0,0
1408,12,705,0.8487675991253301,3.222240200397959e-07,0.84876727690131,0,0
367,5,455,0.8484521539972001,5.2451004326064034e-06,0.8484469088967674,0,0
1441,8,430,0.8473920555647938,0.0006871016997680675,0.8467049538650258,0,1
1387,13,672,0.8506086758651367,0.004840930578829265,0.8457677452863074,0,1
1496,13,512,0.8454774381978202,1.0686067712397757e-05,0.8454667521301078,0,1
367,10,732,0.8439568144609508,1.1634712898283834e-07,0.8439566981138219,0,0
556,8,672,0.8422338148599064,0.0002456782154541194,0.8419881366444524,0,1
528,12,572,0.840796703681379,0.0002044605926180501,0.840592243088761,0,0
303,13,23,0.8481487897495066,0.009867910623009018,0.8382808791264975,0,1
1347,13,885,0.8415916419872455,0.003954882005773397,0.837636759981472,0,1
1441,26,1072,0.8372048551809278,0.0014799369483635447,0.8357249182325642,0,1
1298,12,466,0.8342935048374488,0.00011918779328187228,0.8341743170441669,0,0
1216,13,995,0.8340349131859062,2.2432439796917245e-07,0.8340346888615082,0,1
283,30,733,0.8323883815749954,6.58241796103553e-06,0.8323817991570344,0,1
257,13,1065,0.8312321559703179,0.00034056633090689573,0.830891589639411,0,1
1298,26,666,0.8298933243843974,1.1373920403069679e-05,0.8298819504639944,0,1
1056,8,747,0.8288302356576285,3.156127031358897e-05,0.8287986743873149,0,1
367,8,604,0.8269239581087015,3.233405447053979e-08,0.826923925774647,0,1
1463,5,934,0.8262042979025103,3.8034684081946688e-06,0.826200494434102,0,0
45,13,1025,0.8259980582006585,2.3560841746614652e-05,0.8259744973589119,0,1
1210,13,705,0.8247079227903852,1.0309342312150553e-07,0.824707819696962,1,1
235,26,695,0.8262966350543774,0.0017048844326599205,0.8245917506217175,0,1
1463,10,934,0.8238674843024435,2.3154751675452607e-05,0.823844329550768,0,0
1549,30,522,0.8358046816258583,0.01312175574959785,0.8226829258762605,0,1
1466,10,457,0.8221292079874731,1.463987004228309e-07,0.8221290615887727,0,0
1441,8,383,0.8230922662830141,0.001725964372313296,0.8213663019107008,0,1
1070,13,601,0.8328359512885282,0.0117178718464744,0.8211180794420537,0,1
1070,13,885,0.8976266674739305,0.07705538016421967,0.8205712873097109,0,1
766,13,942,0.8202389472825278,0.0045923244493933065,0.8156466228331345,1,1
1386,9,444,0.8134222626065737,6.45171618451511e-06,0.8134158108903892,0,0
1246,13,920,0.8122327035123424,4.1348108440077733e-07,0.8122322900312581,0,1
510,26,306,0.811475306091329,2.37023653889518e-08,0.8114752823889636,0,1
611,8,674,0.8112785300608617,3.012387075441763e-07,0.8112782288221542,0,1
608,13,672,0.8091261593641546,1.0040434702782037e-06,0.8091251553206843,0,1
1259,10,457,0.8077053174194601,4.0236845974198455e-05,0.8076650805734858,0,0
1056,11,669,0.807321093275378,9.78499728676202e-06,0.8073113082780913,0,0
909,10,824,0.8046535649831615,1.2705465600818482e-05,0.8046408595175607,0,0
1574,13,770,0.8044624886130185,0.0006717033471645217,0.803790785265854,0,1
565,8,942,0.8028321430450376,5.35642557413459e-05,0.8027785787892963,0,1
179,9,896,0.8137636953497043,0.01141922753624304,0.8023444678134612,0,0
162,13,253,0.8012297858533763,3.6072731634480456e-06,0.8012261785802129,0,1
1556,8,473,0.8000944551826987,3.617839978295565e-05,0.8000582767829157,0,1
1025,26,797,0.7972929411708646,2.7383009258296044e-06,0.7972902028699388,0,1
367,8,902,0.7967453470992455,1.0721586738939118e-06,0.7967442749405717,1,1
1415,5,431,0.7956566543035822,7.621703706356695e-07,0.7956558921332116,0,0
1463,10,431,0.794493769549656,2.14424398171766e-06,0.7944916253056743,0,0
189,13,27,0.7938945524640733,6.112813717535632e-07,0.7938939411827015,0,1
962,13,726,0.7937670342576714,4.903098384334166e-05,0.793718003273828,0,1
1457,12,466,0.7930715691639364,0.0014356289987265316,0.7916359401652099,0,0
510,26,475,0.7916345689413341,3.1198109631041586e-06,0.791631449130371,0,1
566,26,1080,0.7941942743353875,0.0045194770004219585,0.7896747973349655,0,1
317,13,454,0.787664765042137,2.8296450733270862e-08,0.7876647367456863,0,1
1246,13,603,0.78765401623096,1.8876318320793702e-07,0.7876538274677768,0,1
179,8,544,0.7882580591336512,0.0012183659391620505,0.7870396931944892,0,1
389,5,431,0.784813068272845,0.0002480310083954578,0.7845650372644496,0,0
594,8,889,0.7845196628800141,1.384093178076953e-06,0.784518278786836,0,1
12,13,734,0.7852685304547317,0.0013136106013390003,0.7839549198533926,0,1
214,8,1085,0.7836670926248914,9.57056868334492e-07,0.7836661355680231,0,1
1025,8,9,0.7835599862459575,8.153777330801113e-08,0.7835599047081842,1,1
189,13,22,0.7810812523776338,1.804048331129231e-07,0.7810810719728007,0,1
1142,9,635,0.7762636779872361,2.107448975093277e-06,0.776261570538261,0,0
1070,8,989,0.776511978552688,0.0004517946476315822,0.7760601839050565,0,1
1398,13,561,0.7758921907848134,1.2649961517908093e-07,0.7758920642851982,0,1
1192,13,578,0.7756774770314997,2.636697918501977e-05,0.7756511100523147,0,1
416,12,705,0.773598996092805,3.5557861487610265e-06,0.7735954403066563,0,0
1558,9,520,0.7736021800137631,8.090115203146874e-05,0.7735212788617316,0,0
231,13,601,0.7782523911352394,0.005064565290435948,0.7731878258448034,1,1
131,8,1017,0.7719032823713218,2.221575104819435e-07,0.7719030602138113,0,1
119,13,726,0.7712968328025782,6.679833209092517e-07,0.7712961648192573,0,1
1387,13,942,0.7711430350564347,0.0013636643639488382,0.7697793706924858,1,1
1582,9,607,0.7694260171716719,1.3337809216428541e-06,0.7694246833907503,0,0
1386,11,658,0.7691438342516177,3.062484876759998e-05,0.7691132094028501,0,0
926,13,610,0.768840646400722,1.2552685326284733e-06,0.7688393911321894,0,1
1136,8,11,0.7663692814364559,2.287441421889148e-06,0.7663669939950339,0,1
243,8,558,0.7640026937841629,2.543794878242711e-07,0.764002439404675,0,1
378,5,689,0.7639655862891115,1.9965905040039388e-05,0.7639456203840714,0,0
626,26,1020,0.8972809442103318,0.13647388493413934,0.7608070592761924,0,1
416,8,9,0.7595983602615975,2.349497367318792e-05,0.7595748652879244,0,1
1529,9,635,0.7591178515115461,1.0597938989521962e-06,0.7591167917176471,0,0
1463,28,977,0.7566569299843506,2.3647071351568522e-08,0.7566569063372793,0,0
877,9,705,0.7527608143352019,3.824953961890547e-06,0.75275698938124,0,0
706,13,601,0.8104390911787207,0.06415516573051704,0.7462839254482037,1,1
235,9,287,0.766311319994416,0.023496813995038383,0.7428145059993777,0,0
959,13,578,0.7422709149570482,0.0001412037917042497,0.742129711165344,1,1
1463,8,725,0.7399546378299269,3.181057382141546e-05,0.7399228272561055,0,1
1025,13,24,0.7368708998138537,1.2486308522929962e-08,0.7368708873275451,1,1
510,11,971,0.7362651597470968,2.057941266362961e-07,0.7362649539529702,0,0
416,12,496,0.7350407246232442,4.649345156946509e-05,0.7349942311716747,0,0
1056,8,915,0.7342643603261897,1.5146207658119106e-05,0.7342492141185316,0,1
814,9,575,0.7339710466412479,9.59081799396438e-10,0.7339710456821661,0,0
1305,13,601,0.7320101261005598,2.0115356687385065e-05,0.7319900107438725,0,1
257,13,723,0.7321703605564698,0.00033496171869530324,0.7318353988377745,0,1
1547,28,650,0.731830028855018,3.1923987518870985e-07,0.7318297096151428,0,0
1573,13,982,0.7301916519927962,3.1904196133505224e-06,0.7301884615731828,0,1
1136,8,817,0.7279594553444649,6.3422729794217e-06,0.7279531130714855,0,1
12,13,268,0.7281425586685287,0.00027611598838371326,0.727866442680145,0,1
7,13,673,0.7263643905476992,4.4622952103091877e-07,0.7263639443181782,0,1
1314,13,714,0.7262624135443474,3.3997671141340087e-07,0.726262073567636,0,1
1463,5,455,0.7248473335982604,1.53127931081311e-07,0.7248471804703293,0,0
1457,12,705,0.7250507852473089,0.0004722322446943295,0.7245785530026146,0,0
7,4,591,0.7245138536816987,8.40074587330844e-06,0.7245054529358255,0,0
1387,28,492,0.7238758298520613,1.7596923796402563e-05,0.7238582329282649,0,0
878,13,754,0.7235105049514559,2.0778077842032763e-05,0.7234897268736138,0,1
1574,8,902,0.7233359091473973,7.268073116892273e-08,0.7233358364666661,0,1
1093,13,1027,0.7230739310893464,2.27108831075554e-05,0.7230512202062388,0,1
1573,8,9,0.7226097993426269,1.4881046311889453e-07,0.7226096505321637,0,1
823,2,514,0.8227599210325288,0.10255366841133624,0.7202062526211925,0,0
1463,10,279,0.7195670317327325,2.0807325027212856e-05,0.7195462244077053,0,0
283,30,310,0.7176391402982236,5.151467396067861e-08,0.7176390887835497,0,1
336,13,21,0.7167836346477181,1.5568619776713618e-08,0.7167836190790984,0,1
556,9,468,0.7127846017573436,0.0001298221958927061,0.7126547795614508,0,0
1457,13,422,0.711732446583834,5.430487226273009e-05,0.7116781417115713,0,1
15,4,407,0.7104263531108976,0.00017309215904740062,0.7102532609518503,1,0
891,13,982,0.7077873410492825,1.8665804423627955e-07,0.7077871543912383,1,1
959,13,673,0.7074262282683728,2.4617637934814596e-06,0.7074237665045793,0,1
1415,5,934,0.7053756603827249,0.00013637838822375874,0.7052392819945011,0,0
1387,1,442,0.7103079986015424,0.005083463595126083,0.7052245350064162,0,0
959,13,454,0.7047434460422842,3.131465205881822e-05,0.7047121313902254,0,1
1216,9,788,0.7428309034310816,0.03858718042622081,0.7042437230048608,0,0
1152,8,754,0.7031069364683675,4.822623686370056e-08,0.7031068882421306,0,1
1136,13,692,0.702878865574478,8.594205695124592e-06,0.7028702713687829,1,1
1070,13,754,0.7117480855777389,0.009017141151290998,0.7027309444264479,1,1
305,13,865,0.702709187747731,0.00022493679586127062,0.7024842509518697,0,1
510,13,705,0.7004499665911756,2.700301047003514e-06,0.7004472662901287,0,1
1259,10,662,0.6987003123935573,7.75320185141594e-06,0.6986925591917059,0,0
276,8,661,0.698578719717112,1.538148753625081e-06,0.6985771815683585,0,1
1333,13,726,0.6983223262249248,1.2840058846352925e-07,0.6983221978243364,0,1
1477,13,601,0.6972330780944548,1.4904390008842956e-06,0.6972315876554539,0,1
1441,12,466,0.6973199479888282,0.0022408046591005436,0.6950791433297276,0,0
983,4,591,0.6940005453582097,4.4649288178699054e-06,0.6939960804293918,0,0
967,13,1025,0.6924576152076412,1.5950454873801487e-06,0.6924560201621538,0,1
1471,8,889,0.6915979363394722,0.00010031062482578502,0.6914976257146465,0,1
877,9,468,0.6910753160851063,6.712330385095882e-07,0.6910746448520678,0,0
1387,27,399,0.6898314159232325,4.114751069949532e-05,0.689790268412533,0,0
1259,10,279,0.6897346282379648,1.207744738041153e-05,0.6897225507905844,0,0
367,10,662,0.6895421216071236,2.994933851756587e-05,0.6895121722686061,0,0
1031,11,980,0.6867445481527111,2.9550032228075003e-05,0.6867149981204831,0,0
787,13,796,0.6864817712075869,8.17414415325904e-07,0.6864809537931715,0,1
45,13,892,0.6855038237437656,0.0005872969552273772,0.6849165267885382,0,1
235,9,870,0.684029904974865,0.0004360085487956905,0.6835938964260694,0,0
1387,8,1002,0.6824599631172246,0.0010182207701387438,0.6814417423470859,0,1
959,11,658,0.6809177704850087,4.7117291040452666e-05,0.6808706531939682,0,0
1061,13,21,0.6799422716530894,1.598724308289731e-06,0.6799406729287811,0,1
1259,8,727,0.6778260187188664,1.672871259938685e-05,0.677809290006267,0,1
999,9,578,0.8847760259905477,0.2089413888893927,0.675834637101155,0,0
792,29,674,0.675679642945115,0.000173501932671436,0.6755061410124436,0,0
80,5,1043,0.6791498774012941,0.00399721384425172,0.6751526635570424,0,0
1582,13,1070,0.674045172934827,1.5128726570075583e-06,0.67404366006217,0,1
1270,13,731,0.671813694223653,6.295429933985771e-08,0.6718136312693537,0,1
1031,13,942,0.6690432927332244,6.1496123577667395e-06,0.6690371431208666,0,1
1467,13,726,0.6682756762898812,8.793132959885765e-08,0.6682755883585516,0,1
1216,5,934,0.6674621980301938,1.3632606789836165e-05,0.6674485654234039,0,0
12,8,922,0.6665348958336279,6.080469230550944e-05,0.6664740911413224,0,1
753,13,786,0.6652146235234736,7.626094388076131e-07,0.6652138609140348,0,1
80,13,960,0.6830611134832131,0.018924778807615374,0.6641363346755977,1,1
1529,12,466,0.6634842081297534,2.38635612691008e-07,0.6634839694941407,0,0
1344,13,273,0.6624663710895251,5.192464666535458e-07,0.6624658518430585,0,1
737,8,1000,0.6611988863106204,2.2361264975989395e-06,0.6611966501841228,0,1
967,10,968,0.6589618902177605,1.6303057063190398e-05,0.6589455871606973,0,0
1387,27,726,0.6587679574628137,5.8274744015976545e-08,0.6587678991880697,0,0
45,13,960,0.9359556023139785,0.2790559058167431,0.6568996964972353,0,1
550,13,960,0.7019049776971261,0.04792064026456317,0.6539843374325629,0,1
1463,26,468,0.6518304889598948,3.401232855848019e-07,0.6518301488366093,0,1
566,10,732,0.6510238860646936,0.00048134693338827206,0.6505425391313053,0,0
844,10,1043,0.6505180342409601,1.0956257411904958e-06,0.6505169386152189,0,0
1506,13,1025,0.6504354308954408,5.5830711536781784e-06,0.650429847824287,0,1
8,11,980,0.6502680293091672,7.220058779867374e-09,0.6502680220891084,0,0
319,5,934,0.6499842236427125,2.277548435522492e-07,0.6499839958878689,0,0
15,13,744,0.664728128960741,0.015261177966845233,0.6494669509938957,0,1
1070,13,920,0.675460875073856,0.027978937409351725,0.6474819376645042,0,1
1319,12,496,0.645883629350032,0.0001076244846046059,0.6457760048654274,0,0
1216,10,457,0.645830289595696,0.002905172647675124,0.6429251169480209,0,0
1471,13,714,0.6429563166814222,5.564819514078969e-05,0.6429006684862814,0,1
1471,8,727,0.6421415523195414,5.8074871292614006e-05,0.6420834774482488,0,1
1091,11,910,0.6410040152906709,3.732803626101844e-07,0.6410036420103082,0,0
214,26,605,0.6404766446132999,5.3957742149417955e-06,0.6404712488390849,0,1
179,8,983,0.6400379846383397,0.0002362116944666387,0.6398017729438731,0,1
967,13,714,0.6402351039946346,0.0006530016033720077,0.6395821023912626,0,1
1246,13,147,0.6384277428160545,6.679576296390483e-08,0.6384276760202916,0,1
1246,11,1099,0.6362354409639626,1.4369043946144545e-08,0.6362354265949186,0,0
1493,13,625,0.6349344784082634,0.00035818584962070296,0.6345762925586428,1,1
1257,13,672,0.6341541541317848,5.646855696670481e-06,0.6341485072760881,0,1
1046,11,795,0.6323863814484524,1.2757667200427e-07,0.6323862538717804,0,0
626,13,1025,0.634972609519331,0.0031811880000805984,0.6317914215192504,0,1
1558,8,7,0.6297710663838003,9.038563522348657e-07,0.6297701625274481,0,1
497,13,675,0.6288784314288589,1.3283538496392458e-07,0.628878298593474,1,1
748,8,501,0.6272780365539907,9.531804847134659e-06,0.6272685047491436,0,1
189,13,20,0.6255466486119697,1.7970862235048142e-07,0.6255464689033474,0,1
1210,8,558,0.6251805090746289,1.5115655139407882e-07,0.6251803579180775,0,1
1182,5,934,0.6266863694678073,0.0025170644795395962,0.6241693049882677,0,0
1485,12,1075,0.6226043061688505,2.4229064807166516e-06,0.6226018832623699,0,0
706,8,1000,0.6212023148233438,0.00011214010282078359,0.621090174720523,0,1
1457,3,836,0.6206904317317269,1.141184553838915e-06,0.620689290547173,0,0
378,8,585,0.6164008750773373,1.3112858987531416e-06,0.6163995637914386,0,1
153,8,1015,0.6131030729333206,4.732712312259712e-09,0.6131030682006082,0,1
1136,13,1065,0.6114321776534446,1.656365984696351e-07,0.6114320120168462,1,1
1463,11,913,0.6115810831024271,0.00018101063395372757,0.6114000724684734,0,0
97,13,422,0.6106368221435341,7.200341466284773e-05,0.6105648187288713,0,1
45,9,607,0.609964629266744,1.7796987480722513e-06,0.609962849567996,0,0
1529,13,1059,0.6093863779163394,1.0722791123868634e-06,0.609385305637227,1,1
189,26,973,0.6091922700646681,6.596706914227269e-05,0.6091263029955258,0,1
1463,28,525,0.6083605429232839,2.3687883265587746e-08,0.6083605192354007,0,0
792,29,787,0.6040068180594205,3.6921803410104195e-06,0.6040031258790794,0,0
814,9,691,0.600181202388983,1.2366751484254873e-07,0.6001810787214681,0,0
632,26,1,0.5992367119163258,1.5427431841551355e-05,0.5992212844844842,0,1
585,5,431,0.5988484589210491,2.4717732567719615e-08,0.5988484342033166,0,0
63,26,468,0.6024782900941513,0.004163093731679775,0.5983151963624715,0,1
1216,11,971,0.5960544927926487,0.0009009727329586976,0.5951535200596899,0,0
407,13,465,0.5941037720187421,8.256094225851617e-07,0.5941029464093195,0,1
1298,26,855,0.593453390986285,0.0001068328476846284,0.5933465581386004,0,1
626,26,729,0.5941172685222629,0.0012783403665239824,0.5928389281557389,0,1
7,12,819,0.5923299700955057,8.799820014729476e-06,0.5923211702754909,0,0
1056,13,771,0.5919353318257166,1.773223731939336e-06,0.5919335586019846,0,1
1463,26,349,0.5910133176563112,1.955701823547152e-06,0.5910113619544876,0,1
844,5,934,0.5909915722017526,1.6458102585416224e-06,0.5909899263914941,0,0
1549,26,492,0.6687880420020755,0.0788643207819836,0.589923721220092,0,1
1194,5,455,0.5887433620295907,4.3909170879393485e-08,0.5887433181204198,0,0
1070,26,1033,0.588957844113901,0.0002360543936730616,0.5887217897202279,0,1
565,5,455,0.5874835039363613,1.2011147443929096e-07,0.5874833838248869,0,0
565,10,662,0.5869661949875256,3.974984106886051e-06,0.5869622200034187,0,0
795,13,1083,0.5861726476873603,9.826360123748944e-08,0.5861725494237591,0,1
1340,8,1000,0.5858874206087135,4.027358924361141e-05,0.5858471470194698,0,1
627,11,980,0.5860988027215187,0.0003064366384627796,0.585792366083056,0,0
1142,8,11,0.5856608766254117,1.2651911936376438e-05,0.5856482247134753,0,1
1091,13,672,0.5843879990691465,1.1527183193876839e-06,0.5843868463508272,0,1
1386,11,971,0.5820899281002356,1.4630331446453243e-05,0.5820752977687892,0,0
1556,13,885,0.5818233312375773,5.996989930209961e-05,0.5817633613382752,0,1
1490,10,457,0.5818495944760353,0.0003567075664692855,0.581492886909566,0,0
706,26,937,0.5869521258213781,0.005588482264729568,0.5813636435566486,0,1
71,13,601,0.5809538491203668,0.00014270389451301573,0.5808111452258539,0,1
1556,9,520,0.5781396935808234,0.0003826386535046446,0.5777570549273188,0,0
1259,13,865,0.5763164994168699,6.051843604808186e-05,0.5762559809808219,0,1
877,13,987,0.5725501496100309,7.337721331372601e-07,0.5725494158378978,0,1
1070,13,987,0.5791577597547938,0.007757066044850655,0.5714006937099432,1,1
1055,8,915,0.569266990695966,4.169896182822865e-06,0.5692628207997832,0,1
389,13,273,0.5683103387324526,0.0012553740310622845,0.5670549647013904,0,1
7,13,960,0.5667670564609752,4.087124302285841e-06,0.5667629693366729,0,1
1574,5,663,0.5667515185047101,4.857343393434969e-05,0.5667029450707757,0,0
510,26,1020,0.566114370515889,1.676331576988902e-05,0.566097607200119,1,1
1340,8,437,0.5646221594590499,1.2783236695599651e-06,0.5646208811353803,0,1
1529,9,705,0.5637588505145517,2.855360072353052e-07,0.5637585649785444,0,0
433,13,625,0.5630853215840071,2.5503908296414284e-05,0.5630598176757108,1,1
566,10,689,0.6013226412788253,0.038967212209816464,0.5623554290690088,0,0
1115,29,1040,0.560915278893921,2.8413637748270698e-05,0.5608868652561727,0,0
1216,9,287,0.5604080391527104,1.834012592982856e-06,0.5604062051401174,0,0
1257,13,982,0.5593368216454921,1.18796163447408e-06,0.5593356336838576,0,1
959,8,792,0.5581439043101554,7.503308556010784e-05,0.5580688712245953,1,1
644,13,942,0.5571460485526354,2.6965732184457245e-08,0.5571460215869032,0,1
911,8,989,0.5570420220838495,4.1011265223801853e-07,0.5570416119711972,1,1
1547,30,552,0.5559903196338325,6.093596817426017e-07,0.5559897102741508,0,1
787,27,1088,0.5538732315386693,1.2658937945265292e-06,0.5538719656448747,0,0
214,26,797,0.5523503928960413,2.261129999358467e-08,0.5523503702847413,1,1
510,11,658,0.5520372772326906,7.700716983938104e-06,0.5520295765157066,0,0
737,8,922,0.5516680922523896,6.792329171608013e-07,0.5516674130194724,0,1
80,5,455,0.5493299448350397,2.7792816888950016e-06,0.5493271655533508,0,0
1216,11,1099,0.547163569626035,0.00039597981854922403,0.5467675898074857,0,0
1386,8,581,0.5454322417454728,5.4405683987827875e-05,0.5453778360614849,0,1
627,8,885,0.545614415685709,0.0005422509303036867,0.5450721647554053,0,1
999,8,1059,0.5780390928842012,0.03546488722109359,0.5425742056631075,0,1
1031,11,1012,0.542414736482401,1.8209403891748825e-06,0.5424129155420119,0,0
1115,13,763,0.5416197330608041,3.084002264624478e-05,0.5415888930381579,0,1
1466,10,662,0.5406390285220172,3.110005253644841e-07,0.5406387175214918,0,0
1556,12,496,0.5401402664558741,1.2807474130582581e-05,0.5401274589817435,0,0
42,12,705,0.539127929924653,2.60051344908697e-07,0.5391276698733081,0,0
1146,13,465,0.5386905318442304,2.1080423465123254e-06,0.538688423801884,0,1
1347,8,885,0.5385301370658785,0.0008019948544462955,0.5377281422114322,0,1
1093,5,279,0.5366691642435495,0.0005281570861186372,0.5361410071574308,0,0
1530,13,468,0.5352606078906702,7.319360511597693e-08,0.5352605346970651,0,1
1493,13,1065,0.5343565094587379,3.7286160818825455e-05,0.5343192232979191,0,1
1578,8,8,0.5316872459314866,2.4830853529335717e-07,0.5316869976229514,0,1
1070,26,298,0.5292033639273152,8.166765810672193e-05,0.5291216962692085,0,1
1056,8,725,0.5309034669197936,0.002097277112515621,0.528806189807278,0,1
416,12,783,0.5282137670562558,0.00012625400455757604,0.5280875130516982,0,0
1136,8,532,0.5249460712804549,7.39459313914095e-08,0.5249459973345235,0,1
1056,7,17,0.5249286316545748,4.585208344751569e-08,0.5249285858024914,0,0
1270,8,792,0.5239399437798007,4.329095541677066e-07,0.5239395108702465,0,1
566,13,886,0.6680120304214116,0.14435792868235503,0.5236541017390566,0,1
7,29,715,0.523001404052272,2.316734093900161e-05,0.522978236711333,0,0
1298,26,942,0.5224946947929475,0.00031599816690515843,0.5221786966260423,1,1
1547,8,615,0.5217707022110518,8.820141139105807e-08,0.5217706140096404,0,1
1415,10,457,0.5261479437067987,0.004729721471141157,0.5214182222356576,0,0
844,8,615,0.5200591958330077,5.0907199929707116e-08,0.5200591449258078,0,1
319,13,942,0.5190671894860422,1.3924312388981196e-05,0.5190532651736532,0,1
416,13,468,0.5170917435250831,1.39107090290453e-06,0.5170903524541802,0,1
205,5,431,0.5168836372586888,0.0006132489796689877,0.5162703882790198,0,0
80,8,558,0.5160694071296033,7.337909435992358e-05,0.5159960280352434,0,1
1259,11,980,0.51556625534732,1.584380498595834e-05,0.515550411542334,0,0
207,26,536,0.5149193320270978,6.679084167462705e-06,0.5149126529429303,0,1
15,13,756,0.5427760064304391,0.028982996174005664,0.5137930102564334,0,1
1441,8,579,0.5165629996249074,0.0027980356187804153,0.5137649640061269,0,1
1136,13,1031,0.5081403898774285,1.7574483134101585e-05,0.5081228153942944,0,1
1319,13,21,0.5075827188955941,2.0138592356222596e-08,0.5075826987570018,1,1
844,13,771,0.5072907620486466,3.687731491523986e-05,0.5072538847337315,0,1
1259,11,669,0.5061564290060546,4.9094099122448735e-05,0.5061073349069322,0,0
1259,5,455,0.5053867023245833,2.9800042315823268e-08,0.505386672524541,0,0
131,13,672,0.5048859871319376,3.741082590768165e-07,0.5048856130236785,0,1
283,8,615,0.5046028172320209,2.1803217172556437e-08,0.5046027954288038,0,1
161,8,754,0.5047241276260561,0.0005171729740385239,0.5042069546520176,0,1
585,4,860,0.5014993423780921,8.219315922821489e-08,0.5014992601849328,0,0
389,10,280,0.5013500347528111,0.0005106194059966399,0.5008394153468145,0,0
243,26,529,0.5006045053019638,2.6334598752459507e-07,0.5006042419559762,0,1
228,11,913,0.5004891751330225,5.0039973155243544e-06,0.500484171135707,0,0
1386,8,616,0.4995261246349067,3.606431726703251e-07,0.49952576399173404,0,1
1385,13,610,0.49945591566355635,0.00019320133868322068,0.4992627143248731,0,1
214,13,763,0.4990167175475979,8.282988305041646e-06,0.4990084345592929,0,1
1246,11,913,0.49666873105014575,2.1270229915086906e-05,0.49664746082023065,0,0
1216,29,896,0.49542252873818327,5.659435957249615e-07,0.49542196279458756,0,0
1457,30,907,0.507122377376744,0.0117767979047345,0.4953455794720095,0,1
1472,13,24,0.4953322531285909,5.090834091044859e-08,0.49533220222025,0,1
565,8,285,0.4950063587164043,1.9237350406130359e-07,0.49500616634290023,0,1
1471,8,581,0.49448238922971277,1.0050194338329302e-05,0.49447233903537446,0,1
7,5,689,0.49432647518109285,5.805719776659188e-06,0.4943206694613162,0,0
1563,13,468,0.49293621485927736,3.2426184732941174e-07,0.49293589059743004,1,1
1556,13,253,0.49286218630725154,6.46514813084094e-07,0.49286153979243846,0,1
594,8,285,0.49213142046240244,5.018598847649527e-06,0.4921264018635548,0,1
1031,11,1099,0.4917800906227729,3.626025246340808e-06,0.49177646459752655,0,0
248,13,942,0.49102965823467465,2.61297841069765e-07,0.49102939693683356,0,1
283,13,1059,0.49076757262531817,1.0569274688070614e-06,0.49076651569784935,0,1
1466,10,431,0.4905472001184044,6.539408751700523e-08,0.4905471347243169,0,0
1574,13,960,0.9547817992696489,0.46453102345193686,0.49025077581771204,1,1
1574,13,653,0.4894767310574788,2.1512379020896076e-05,0.4894552186784579,0,1
556,8,674,0.4895691796288626,0.00016897887613059103,0.489400200752732,0,1
1070,13,763,0.49163121351004985,0.002403270141071693,0.4892279433689782,1,1
389,5,1043,0.49581262191434455,0.006844079715572127,0.48896854219877245,0,0
21,8,885,0.48879388034697663,7.878952676769121e-07,0.48879309245170893,0,1
460,13,982,0.4886409104045414,1.9735189919715993e-07,0.4886407130526422,0,1
962,13,1059,0.4883746329659734,1.8312009108980625e-06,0.4883728017650625,0,1
1360,13,942,0.48832340456156276,5.880085835564968e-07,0.4883228165529792,0,1
1052,8,9,0.48683783662553237,7.421683389190315e-06,0.4868304149421432,1,1
1387,27,722,0.48628828217528897,0.0015610404587143626,0.4847272417165746,0,0
1457,26,916,0.48496606469012743,0.0036149303293165386,0.4813511343608109,0,1
753,13,982,0.4808707454182364,1.824426805284203e-08,0.48087072717396834,0,1
926,12,466,0.48043965760282226,2.3928292058513508e-05,0.48041572931076376,0,0
878,13,723,0.4804200808888676,6.556098697508177e-06,0.48041352479017013,0,1
1521,13,468,0.48028629120437355,9.695008646750258e-08,0.4802861942542871,0,1
317,30,911,0.48025193198844424,1.992625947859347e-06,0.4802499393624964,0,1
501,13,786,0.4799358554449709,9.244057868872771e-07,0.47993493103918405,0,1
1485,13,995,0.47961875846118207,1.9558924552273673e-05,0.47959919953662977,0,1
627,13,586,0.49803691904667646,0.018716239487306757,0.4793206795593697,1,1
1408,8,907,0.4786299741558667,1.8297037490448565e-06,0.47862814445211765,0,1
792,29,418,0.4769030596496146,1.147568624021583e-05,0.4768915839633744,0,0
1025,26,876,0.47660610749385424,6.39265496225776e-06,0.47659971483889196,0,1
510,10,457,0.4765427637655902,1.1671146275633451e-06,0.47654159665096263,0,0
519,13,586,0.47616990910381957,2.5407760655364057e-05,0.4761445013431642,1,1
510,13,770,0.4755133292166489,9.050899148078042e-07,0.4755124241267341,0,1
1558,13,249,0.4763772298272473,0.0013551405059527629,0.4750220893212945,0,1
1386,11,669,0.4746785340893854,3.4538523711657053e-06,0.4746750802370142,0,0
1115,29,982,0.4733171051553287,1.0301246041546646e-05,0.47330680390928714,0,0
528,9,635,0.47302868927795644,5.9146406513538805e-06,0.4730227746373051,0,0
15,8,733,0.502457711430406,0.031673685074658786,0.4707840263557472,0,1
1216,29,975,0.46915137938002194,1.2083729586821533e-07,0.46915125854272605,0,0
15,13,515,0.473996512973752,0.004863238336392789,0.4691332746373592,0,1
607,8,1000,0.46899699059153055,1.7886345162157962e-06,0.46899520195701433,0,1
611,13,1021,0.4681893110784486,3.1256147158719323e-07,0.468188998516977,0,1
1309,26,666,0.4679489916855024,8.943498971069755e-06,0.46794004818653134,0,1
1457,26,972,0.7005211096045191,0.23274926278851685,0.46777184681600226,0,1
1582,13,773,0.4675014427558626,9.696963891433317e-07,0.46750047305947345,0,1
1463,26,1024,0.46426095267470496,1.3790177612936575e-07,0.46426081477292885,0,1
1224,26,468,0.46356841181299074,4.353104682283315e-08,0.4635683682819439,0,1
1317,13,960,0.4639136405915474,0.00046668003411503455,0.46344696055743234,0,1
231,13,692,0.46291620357702046,6.135012910159419e-05,0.4628548534479189,0,1
1547,28,441,0.4619141745453584,9.029690932531861e-08,0.46191408424844904,0,0
1216,13,468,0.46166952316762855,7.001722538595407e-07,0.4616688229953747,0,1
179,9,535,0.49166999874776596,0.031115756741237934,0.460554242006528,0,0
914,13,942,0.4605467251170851,1.353916637865429e-06,0.46054537120044725,0,1
1061,13,885,0.4588978056652868,4.828766053594726e-06,0.4588929768992332,0,1
611,26,859,0.45800890837301494,2.1259163076160765e-07,0.4580086957813842,0,1
1046,11,971,0.457844349560204,5.000967746313475e-07,0.4578438494634293,0,0
303,13,815,0.5070443152506355,0.04933971023035612,0.45770460502027943,0,1
1070,26,1009,0.45659339193242193,0.0023741851098668036,0.4542192068225551,0,1
378,11,910,0.453601340778196,2.018098488073126e-07,0.4536011389683472,0,0
1574,13,284,0.4536249075039285,3.802382918137932e-05,0.4535868836747471,0,1
300,26,1048,0.4526505896393956,4.5810722822213614e-08,0.45265054382867276,0,1
1574,10,968,0.4533105407193096,0.0017611654283378358,0.4515493752909718,0,0
1216,8,622,0.4502157989209008,1.3751100749424798e-07,0.45021566140989333,1,1
379,13,885,0.44963774721847194,5.452805663651817e-05,0.4495832191618354,0,1
1485,12,466,0.4486476250577742,5.9630761872699406e-05,0.4485879942959015,0,0
1334,10,934,0.4484843243187977,1.601974366624622e-06,0.4484827223444311,0,0
366,8,705,0.4465354650310456,3.8122936350131767e-06,0.4465316527374106,0,1
959,11,759,0.4462652722203976,9.741427754089625e-07,0.4462642980776222,0,0
1549,9,468,0.4480689402016068,0.002036751725048717,0.4460321884765581,0,0
1093,5,455,0.44534573698952795,6.671748310333475e-06,0.44533906524121764,0,0
627,10,279,0.44756054535073153,0.0027641856362647017,0.44479635971446685,0,0
189,13,886,0.4445022748393731,1.8174813084090446e-05,0.444484100026289,0,1
1418,12,705,0.44196538036567223,0.00017744078981532678,0.4417879395758569,0,0
1556,9,287,0.44112871043429375,9.849024666650557e-07,0.4411277255318271,0,0
300,8,983,0.43900408083991105,1.9686057371552859e-07,0.4390038839793373,0,1
12,13,885,0.4381540210040389,4.3196811677641594e-05,0.43811082419236125,1,1
519,13,530,0.43561138904819213,6.4354778176711965e-06,0.4356049535703745,0,1
1184,8,6,0.4331360739174832,2.2242848093090674e-07,0.4331358514890023,0,1
416,4,860,0.43167878519846775,4.670173072849031e-07,0.4316783181811605,0,0
1298,26,519,0.4307575911126837,8.482227315569855e-06,0.4307491088853681,0,1
1463,28,459,0.4307079201420709,2.7300298126826176e-08,0.43070789284177274,0,0
626,13,944,0.42915136996924697,1.4536790608459794e-05,0.4291368331786385,0,1
706,13,723,0.42905621601268507,0.00022154609014735484,0.4288346699225377,1,1
1273,5,279,0.42843303997097826,3.0731094563022995e-05,0.4284023088764152,0,0
550,13,530,0.42892520327450134,0.0011606167477186428,0.4277645865267827,0,1
737,10,280,0.42769913854834907,5.488697986973906e-06,0.42769364985036207,0,0
1184,13,675,0.43017853709619247,0.002804550752517132,0.42737398634367535,0,1
385,13,714,0.4273686017437135,2.4725795573352083e-06,0.42736612916415617,0,1
45,13,1007,0.4271772373505626,0.0003663194092493452,0.42681091794131326,0,1
1386,13,1070,0.42519954757014716,2.9564596404395048e-06,0.4251965911105067,0,1
1463,27,864,0.42484398985609956,1.2395639617937703e-05,0.42483159421648164,0,0
1578,13,1028,0.42451598181881983,2.9841565481340634e-06,0.4245129976622717,0,1
162,8,494,0.42451471104899774,0.00042238353240776395,0.42409232751659,0,1
197,8,694,0.422907676451954,1.5005675041886545e-06,0.4229061758844498,0,1
205,13,601,0.42661545971787834,0.004113342158386493,0.42250211755949185,0,1
1463,11,980,0.42227297736415315,5.481309401201606e-08,0.42227292255105914,0,0
706,30,574,0.42207323749570336,5.02294343171473e-07,0.4220727352013602,0,1
243,8,707,0.4155631555418171,3.8090268142907853e-07,0.41556277463913566,0,1
565,11,910,0.4143448641933024,1.4461350973597334e-08,0.41434484973195146,0,0
844,11,910,0.4124976315054224,4.5524588521718066e-08,0.41249758598083386,0,0
401,13,21,0.41247403852042763,3.6714478296205455e-06,0.412470367072598,0,1
407,13,890,0.41238309866722767,1.410785420918712e-06,0.41238168788180674,0,1
1549,26,973,0.4157359376810646,0.0033734523858069466,0.41236248529525765,0,1
1061,11,669,0.411981649259404,1.2692421048683093e-05,0.4119689568383553,0,0
207,26,735,0.4119421268772147,2.0295627758344505e-05,0.41192183124945636,0,1
1182,8,1070,0.41173436503170063,0.00010767341181431135,0.4116266916198863,0,1
1573,9,468,0.40745419034942953,9.397790560689403e-05,0.40736021244382264,0,0
1556,9,870,0.4071413697519273,4.858849761207107e-05,0.4070927812543152,0,0
9,13,468,0.40706635242518574,2.555717708620432e-07,0.4070660968534149,0,1
1506,11,658,0.4066836847001272,3.356371787154617e-06,0.40668032832834006,0,0
737,13,770,0.4048986954294938,2.4770175093390614e-06,0.4048962184119845,0,1
1317,8,793,0.4032554863057843,1.0371925339755074e-05,0.4032451143804445,0,1
466,9,468,0.4029336398028956,1.2208386463119241e-06,0.4029324189642493,0,0
1529,9,691,0.40212282235414926,0.0007599272728614758,0.4013628950812878,0,0
1387,27,864,0.4011785985209487,1.1747791924346497e-06,0.4011774237417563,0,0
755,8,1000,0.40233514731791814,0.001525816173731246,0.4008093311441869,0,1
792,8,805,0.4009481057372036,0.0002302746408999284,0.40071783109630366,0,1
106,13,440,0.39944910445554416,1.3869049633047666e-07,0.39944896576504785,0,1
427,13,982,0.3985087084459768,6.0444003911981544e-05,0.3984482644420648,0,1
1415,10,662,0.43179482759721766,0.03455371848863338,0.3972411091085843,1,0
1472,5,1043,0.39645060382742137,7.55707980138847e-08,0.39645052825662336,0,0
1472,5,689,0.41157446026845673,0.01592653892521323,0.3956479213432435,0,0
844,10,662,0.3953485594978969,1.9101920775426007e-05,0.39532945757712146,0,0
42,9,468,0.39500067479512974,7.472127292224142e-08,0.3950006000738568,0,0
1259,5,279,0.394126712082603,3.5338279752718133e-07,0.3941263586998055,0,0
189,11,913,0.39403711760392796,0.00014548462896221248,0.39389163297496577,0,0
1334,13,944,0.39373685478323367,9.687509554131896e-08,0.3937367579081381,0,1
1398,4,651,0.39425575701386134,0.0006800788173121874,0.39357567819654915,0,0
1239,11,910,0.39291448229353376,4.3832502766688054e-08,0.39291443846103097,0,0
45,8,725,0.3912214252619804,2.821855864815474e-07,0.3912211430763939,0,1
1258,30,468,0.3905313710280569,2.011921892771864e-08,0.390531350908838,0,1
632,26,529,0.4030593733033339,0.013683704594264177,0.38937566870906976,0,1
1387,27,403,0.38914016422181247,1.5318905940882633e-05,0.3891248453158716,0,0
300,4,16,0.3881759300014335,3.3540327270151976e-08,0.38817589646110623,0,0
119,8,288,0.38798611184218523,4.89089056791274e-06,0.3879812209516173,0,1
626,30,574,0.4032792071481707,0.01622479177627798,0.3870544153718927,0,1
1298,13,627,0.38706105139855945,3.2108555550217305e-05,0.38702894284300926,0,1
1578,8,501,0.3853280053053751,1.2842567054231013e-06,0.38532672104866966,0,1
962,29,597,0.3865835568693724,0.002140442300452218,0.38444311456892016,0,0
1109,13,578,0.3840818723018681,6.547866210289875e-06,0.3840753244356578,1,1
8,5,279,0.385001965155179,0.0009976354635597947,0.3840043296916192,0,0
1246,11,1044,0.38322787995308405,7.71145040993988e-09,0.3832278722416336,0,0
755,9,691,0.399285571988799,0.01608141625877465,0.38320415573002437,0,0
162,26,859,0.3830711443095761,1.635973781175331e-05,0.38305478457176434,0,1
1216,29,787,0.3819883969129664,5.184631341620178e-07,0.38198787844983223,0,0
450,13,815,0.38198809384606813,0.00020227290612508507,0.38178582093994307,0,1
933,13,731,0.3812477207202058,4.813047373604661e-07,0.38124723941546845,0,1
378,30,366,0.3799733688065783,1.2097895678911708e-05,0.3799612709108994,0,1
864,13,844,0.40965986907487606,0.030346227188312806,0.37931364188656325,0,1
1341,12,496,0.4309673273796332,0.05319327664538927,0.37777405073424397,0,0
15,9,287,0.5076008989860441,0.13096771134478824,0.37663318764125586,0,0
1467,9,870,0.3766217862775117,3.257176945464071e-05,0.37658921450805705,0,0
1305,10,689,0.3750065688836658,5.674874947493116e-05,0.37494982013419087,0,0
737,13,758,0.3747711353706736,1.0846747972688699e-05,0.3747602886227009,0,1
1457,13,21,0.37381402580602113,3.948969423988415e-06,0.37381007683659717,1,1
1457,13,148,0.3776134659256889,0.003966772863704579,0.37364669306198434,0,1
691,13,1059,0.37338760409608834,2.8982016289562796e-07,0.3733873142759255,0,1
1298,13,881,0.37293826338396835,2.346410359957394e-05,0.3729147992803688,0,1
766,30,946,0.37206690086799027,0.0003105450303840027,0.37175635583760624,0,1
1115,11,795,0.37078444279061995,0.00010983138030982705,0.3706746114103101,0,0
71,13,510,0.3703202483520415,8.792529379852153e-07,0.37031936909910357,0,1
14,13,586,0.3694486618726498,1.716598966021907e-05,0.36943149588298957,0,1
46,1,524,0.3690059627080702,5.870829284658563e-05,0.3689472544152236,0,0
607,30,678,0.36794240254363036,2.7859353353818966e-07,0.36794212395009684,0,1
551,13,465,0.37205442196325267,0.00471200564108611,0.3673424163221666,0,1
45,9,691,0.3669823446698632,0.0001301138237865818,0.3668522308460766,0,0
1412,13,1028,0.3651080391577158,7.134563897483259e-05,0.36503669351874096,0,1
1298,26,905,0.36463036098699964,4.579189098800947e-06,0.36462578179790084,0,1
1466,8,283,0.3644312327644551,8.408471195211499e-08,0.36443114867974313,0,1
1441,6,677,0.3641174280151421,0.0002710949526774333,0.36384633306246467,0,0
7,29,3,0.36375406918831354,3.3357705045049323e-08,0.3637540358306085,0,0
1574,30,1051,0.3634647778774848,8.78933694272412e-06,0.3634559885405421,0,1
737,13,1021,0.36267875268914757,3.596098367121101e-05,0.36264279170547636,0,1
1341,10,279,0.4769297854942645,0.1145554171793312,0.3623743683149333,0,0
1582,10,824,0.3623577766192549,5.327488113333409e-08,0.36235772334437377,0,0
1056,11,1044,0.3598363559968236,1.1430231116519769e-07,0.35983624169451245,0,0
1270,13,511,0.35858210795500034,1.959061395693647e-07,0.35858191204886075,0,1
1142,5,663,0.35689155672463174,2.5513021738616134e-07,0.35689130159441435,0,0
494,11,669,0.3566525501465252,9.41229147755309e-06,0.35664313785504764,0,0
1398,13,667,0.35533166886449014,4.7461394540097755e-05,0.35528420746995004,0,1
914,13,692,0.35484838344184033,9.210899736435558e-07,0.3548474623518667,0,1
1386,9,635,0.3547022851611423,2.665733062858402e-06,0.3546996194280795,0,0
1386,13,919,0.35156008743146416,6.828027162182137e-06,0.351553259404302,0,1
15,4,895,0.5018824110545183,0.1504197432497601,0.35146266780475816,0,0
1334,8,1059,0.35008455508927433,1.816903615584571e-06,0.35008273818565877,0,1
1270,12,1063,0.3493869713168837,1.1540846631826526e-05,0.3493754304702518,0,0
518,8,9,0.3492610234942993,4.4264844538213214e-08,0.3492609792294548,0,1
706,11,1099,0.3487499452200738,3.0697095933991244e-06,0.3487468755104804,0,0
1339,8,754,0.3477240581036263,7.881925794123143e-06,0.3477161761778322,0,1
1273,5,689,0.37540661715775625,0.028256756120072786,0.34714986103768347,0,0
1142,29,597,0.3469077989852637,1.5564047839339012e-05,0.3468922349374244,0,0
7,4,860,0.346271690177817,2.798952820980324e-07,0.3462714102825349,0,0
1216,4,459,0.3455445437007529,4.5306112834840765e-07,0.34554409063962455,0,0
1182,12,466,0.35333258048835925,0.008026766378899554,0.3453058141094597,0,0
1415,10,689,0.3453899206768918,0.00017868882553988678,0.3452112318513519,0,0
1398,8,916,0.3455356577790188,0.00047109205392635686,0.3450645657250924,0,1
1387,1,523,0.3583150443516341,0.013889668114142745,0.34442537623749137,0,0
112,13,786,0.34394563263529254,4.985012903130201e-06,0.3439406476223894,0,1
235,13,148,0.35356372072786457,0.01131846245403096,0.3422452582738336,0,1
1216,29,3,0.34035146971394103,9.744055445777802e-09,0.3403514599698856,0,0
15,8,812,0.3780792943409982,0.03820753730849345,0.3398717570325047,0,1
1319,8,884,0.33897133659351536,8.313738459418946e-07,0.3389705052196694,0,1
611,26,790,0.3370298144431002,3.808335842102561e-06,0.3370260061072581,0,1
787,13,754,0.33628460476041566,3.0444100597556633e-06,0.3362815603503559,0,1
1558,11,1012,0.3345652897301731,3.2183609345277324e-06,0.33456207136923855,0,0
864,13,530,0.3753674699092041,0.04156999449011773,0.3337974754190864,1,1
627,5,1043,0.33493201357899816,0.0024728783826287095,0.33245913519636944,0,0
611,8,754,0.33202204624027465,1.211375211271079e-08,0.33202203412652254,0,1
712,10,1043,0.3321502051157607,0.00012886561611918072,0.3320213394996415,0,0
787,1,524,0.33181008425519254,4.6223858109258205e-05,0.3317638603970833,0,0
1273,9,705,0.33050679308601827,5.218480029372235e-05,0.33045460828572454,0,0
1257,8,8,0.3293725146803927,3.61907174299794e-07,0.3293721527732184,1,1
1334,10,279,0.3285508675306707,1.4609922452643072e-07,0.32855072143144615,0,0
1493,13,1100,0.3282925458043575,0.0007282732888769704,0.32756427251548054,0,1
1408,13,723,0.3273313399602866,3.5034327527395496e-06,0.3273278365275339,0,1
1532,13,796,0.325809017965951,1.802308383185465e-05,0.32579099488211916,0,1
561,9,468,0.3256034888753064,2.2939736960054854e-08,0.32560346593556944,0,0
1386,9,535,0.32458897700333805,3.2694359262844e-05,0.3245562826440752,0,0
561,9,705,0.32440179887874876,5.472562491175067e-07,0.32440125162249966,0,0
45,8,248,0.3201768289669012,4.1440889202539755e-09,0.3201768248228123,0,1
162,26,407,0.3194423461151324,1.118482379768085e-06,0.3194412276327526,0,1
1285,10,1043,0.3193506768245705,2.6642602960125886e-06,0.31934801256427453,0,0
1319,13,754,0.3187315856717292,1.7149799434399567e-05,0.3187144358722948,1,1
235,26,973,0.3217049225358037,0.0031463581896687496,0.31855856434613494,0,1
626,30,414,0.32006459557912353,0.00221019714071977,0.31785439843840374,0,1
813,8,911,0.3168471945832727,5.682046339915301e-07,0.3168466263786387,0,1
1441,12,572,0.34382035257018423,0.027291117652494253,0.31652923491768997,0,0
911,8,473,0.3160834058381542,4.556789213203685e-06,0.316078849048941,0,1
1085,7,687,0.31495794834487917,1.1131852575774353e-07,0.31495783702635344,0,0
1547,28,743,0.3146754764135755,7.420878252913755e-09,0.31467546899269727,0,0
1317,8,772,0.3144750321143465,1.960083042940353e-06,0.3144730720313036,0,1
14,13,681,0.3143690771516423,9.77830922333284e-07,0.31436809932071996,0,1
1472,8,537,0.3143208848707434,3.107162881564001e-06,0.31431777770786185,0,1
46,26,660,0.3142450552541537,2.0826845627662488e-05,0.31422422840852604,0,1
1506,13,434,0.3138503839140166,4.320899525959082e-06,0.31384606301449064,0,1
305,12,492,0.3868131846417844,0.07321605334693378,0.3135971312948506,0,0
254,11,759,0.312900718929498,6.557335607842646e-09,0.3129007123721624,0,0
1556,9,607,0.31282869721889545,6.723879188914493e-07,0.31282802483097655,0,0
1343,13,530,0.3111089404447759,6.098090630010103e-05,0.3110479595384758,0,1
1168,8,754,0.3109803435439452,1.971914190330081e-05,0.3109606244020419,0,1
706,8,622,0.31010281127498157,1.790485330319161e-06,0.31010102078965124,0,1
228,8,1085,0.3095417370839588,1.3819295814926492e-08,0.309541723264663,0,1
1574,30,666,0.3093253061458274,1.9380655499224034e-05,0.30930592549032815,0,1
1340,13,850,0.30785908537986917,3.141060847397977e-05,0.30782767477139517,1,1
962,29,418,0.3069320333855903,4.1152436676688926e-07,0.3069316218612235,0,0
792,29,445,0.3065738280582372,7.940154630446492e-06,0.3065658879036067,0,0
162,8,1081,0.3062587880231721,2.6670384524383157e-05,0.3062321176386477,0,1
1341,13,610,0.3057784238014087,0.0005650250888217504,0.30521339871258696,0,1
1061,13,586,0.305021130143625,4.42914331935602e-06,0.30501670100030565,0,1
366,13,473,0.3044352841190721,2.5395249857236083e-06,0.30443274459408637,0,1
510,10,279,0.30366961778152013,2.1234345960724226e-06,0.3036674943469241,0,0
1574,30,798,0.30508326930540836,0.001442223489397113,0.30364104581601126,0,1
250,9,989,0.30302512977883195,1.3751406478670868e-06,0.3030237546381841,0,0
1558,9,607,0.302678251750836,8.572226425686513e-07,0.3026773945281934,0,0
80,7,687,0.3014984172931458,3.619023952627567e-05,0.3014622270536195,0,0
1025,3,264,0.30036123358209726,4.3947079437384334e-08,0.30036118963501784,0,0
755,11,658,0.3002764334415488,2.721841394673433e-05,0.30024921502760205,0,0
389,13,734,0.30267385510390976,0.0029052196562339826,0.2997686354476758,0,1
450,8,674,0.2997908738016835,0.0006052434007161514,0.29918563040096735,0,1
463,13,815,0.29872348679262184,2.441767096116801e-06,0.2987210450255257,0,1
1558,13,723,0.42150758061890986,0.12328598558212933,0.29822159503678053,0,1
1398,9,607,0.29735355217585213,1.4398617216372379e-05,0.29733915355863577,0,0
250,12,572,0.2969939183958239,1.1502079232371609e-05,0.2969824163165915,0,0
1031,8,296,0.2969612341594892,3.2938458476860545e-08,0.29696120122103076,0,1
1472,26,451,0.29681958444677864,2.0781300689486073e-05,0.29679880314608914,0,1
1506,8,544,0.2967627666941205,3.4136369253846446e-05,0.2967286303248666,0,1
959,8,278,0.29655139545335446,2.3568601673966304e-07,0.2965511597673377,0,1
1025,13,268,0.2957964928962852,2.0377590480222913e-05,0.29577611530580494,0,1
1387,8,1017,0.29543895484497684,0.000536348365394981,0.2949026064795819,0,1
712,13,625,0.291935622527079,2.8103317324094446e-05,0.2919075192097549,0,1
1259,11,571,0.2915471337464724,1.6980112823978939e-06,0.29154543573519,0,0
1091,8,558,0.29036482697965404,9.636054076108978e-08,0.2903647306191133,0,1
131,13,1021,0.2902060452069889,1.7954355383518172e-06,0.29020424977145054,0,1
1547,28,525,0.2890634560299143,5.363190654679128e-08,0.28906340239800776,1,0
823,13,844,0.31498734005247675,0.02606626860554915,0.2889210714469276,0,1
1224,5,934,0.28805289871469747,4.863810224247989e-08,0.2880528500765952,0,0
7,29,538,0.28802297924725456,4.689316951960811e-07,0.28802251031555937,0,0
871,8,882,0.2875179049526605,3.1538931352096726e-06,0.2875147510595253,0,1
753,8,981,0.28725418050135987,1.4107521123689466e-06,0.2872527697492475,1,1
235,30,924,0.28817762448847256,0.001153735093995213,0.28702388939447737,0,1
12,8,257,0.2863957506382185,2.13360470876464e-06,0.28639361703350974,0,1
1239,5,455,0.28594583532644063,7.294457422093157e-06,0.28593854086901854,0,0
71,9,468,0.2856715809173043,1.2878169048335462e-06,0.2856702931003995,0,0
1073,13,610,0.28439431296084416,3.565747608473685e-08,0.2843942773033681,0,1
1,13,556,0.28426084539962954,3.952768816776071e-06,0.2842568926308128,0,1
638,8,1048,0.2835324213697123,7.569036867116233e-07,0.28353166446602557,0,1
1466,10,689,0.28251170593167135,3.361772901601674e-07,0.2825113697543812,0,0
1574,10,280,0.2821030045039341,2.1344690678365926e-06,0.2821008700348663,0,0
1319,12,572,0.2823640063838844,0.0003123775676658687,0.28205162881621854,0,0
28,13,513,0.28181470521468566,3.927547105616052e-07,0.28181431245997507,0,1
755,8,709,0.2816793747841644,7.353701760883995e-07,0.2816786394139883,0,1
1319,13,467,0.28021962873503786,6.601282938771419e-05,0.28015361590565013,0,1
835,13,919,0.2800185329391968,2.6654997262985853e-06,0.28001586743947054,1,1
1052,13,601,0.2795282786639026,7.362740025398229e-06,0.27952091592387723,0,1
1317,10,431,0.27768279410440394,3.7148640979727087e-07,0.27768242261799414,0,0
802,8,661,0.27661999472325827,6.455535255630687e-08,0.2766199301679057,0,1
737,8,7,0.27598036583898644,1.7025088309202143e-07,0.2759801955881033,0,1
389,8,14,0.4643715483878424,0.18905464724020135,0.27531690114764107,0,1
235,30,865,0.27496223545180914,0.00015458637861857932,0.27480764907319055,0,1
459,13,982,0.27451799259855664,1.0790498894359323e-07,0.2745178846935677,0,1
1182,8,846,0.27382544984693696,0.00011844452926281076,0.27370700531767417,0,1
207,26,593,0.27338419956077126,1.3291291223992173e-06,0.2733828704316489,0,1
12,8,1070,0.27335628381294735,8.0038436925461e-05,0.2732762453760219,0,1
1229,29,800,0.2711993761133803,2.880447681600297e-07,0.27119908806861215,0,0
1463,11,669,0.27075300121046325,1.7131430371817244e-05,0.27073586978009145,0,0
1257,13,944,0.2689570218647558,4.588959711527452e-06,0.2689524329050443,0,1
1336,8,812,0.2672934944519288,9.778920493797405e-08,0.26729339666272384,0,1
1463,5,431,0.26642577093472264,6.323891835870831e-08,0.26642570769580426,0,0
450,13,483,0.26587637162751004,2.9237093925960523e-05,0.2658471345335841,0,1
162,30,773,0.2658283335720095,1.0428580835890518e-06,0.2658272907139259,0,1
999,8,865,0.357881901849722,0.09272143851271222,0.2651604633370098,0,1
1344,8,964,0.2641994045077655,1.0137380458043369e-05,0.2641892671273075,0,1
1142,9,607,0.26335281188270404,0.00015171549945523498,0.2632010963832488,0,0
1441,30,614,0.262062135886967,6.835934097339969e-05,0.2619937765459936,0,1
1210,13,888,0.2616154630537999,8.581989211019446e-07,0.2616146048548788,1,1
1387,13,268,0.2613481180857854,1.7951731544389367e-06,0.26134632291263094,0,1
1386,11,910,0.26106933000733584,2.6743863140927174e-07,0.26106906256870444,0,0
1582,10,689,0.26052062942695325,1.268257059171192e-05,0.2605079468563615,0,0
1408,8,1002,0.2604517803131358,1.1998997908264415e-05,0.26043978131522755,1,1
608,9,520,0.2604373217603803,0.0003478899359530895,0.26008943182442723,0,0
813,8,744,0.25992927982194947,5.941046976791007e-09,0.2599292738809025,0,1
1547,30,668,0.25808699640139043,1.0881293465904819e-06,0.25808590827204386,0,1
467,8,810,0.2576171072246702,2.3086841191218392e-07,0.2576168763562583,0,1
638,13,865,0.25752271190588644,0.00014972883754068097,0.2573729830683458,0,1
474,13,1059,0.25623549846852345,1.1104519054476348e-06,0.256234388016618,0,1
45,8,885,0.2561223686333529,4.543300148719403e-08,0.25612232320035144,1,1
638,11,980,0.2553703888800707,4.451431974190135e-05,0.2553258745603288,0,0
755,9,535,0.25531788551229717,3.714130046447459e-05,0.2552807442118327,0,0
1170,13,726,0.2548750136253991,1.9149994826560344e-07,0.2548748221254508,0,1
1582,13,770,0.2547770485468813,2.7795255755679753e-06,0.25477426902130573,0,1
1360,8,722,0.2545718799042181,5.743879108391331e-07,0.25457130551630724,0,1
1298,12,492,0.25400665277765344,4.825461923007547e-06,0.25400182731573046,0,0
667,13,786,0.2530174143965561,5.583999321382921e-07,0.253016855996624,0,1
831,13,472,0.25365780196935045,0.001109547144854003,0.25254825482449644,0,1
933,8,537,0.2524083537747269,1.4395543308734418e-05,0.2523939582314182,0,1
712,8,885,0.25112785597777043,3.414579744814023e-05,0.2510937101803223,0,1
844,8,537,0.2508951989997461,1.7373498812737516e-06,0.2508934616498648,0,1
1210,8,889,0.2507884310783136,4.37193657860868e-06,0.250784059141735,0,1
510,8,550,0.2504294768430193,2.1717937615112315e-07,0.25042925966364316,0,1
1534,13,22,0.25062035294891905,0.0009088602952035983,0.24971149265371545,1,1
1387,28,674,0.25531904593258686,0.006359606260606796,0.24895943967198006,0,0
962,9,989,0.25192936340102123,0.0033006150718965753,0.24862874832912465,0,0
389,8,1033,0.24827401749094166,5.149913366765422e-05,0.24822251835727402,0,1
333,13,586,0.24788051267875538,6.345785921889386e-07,0.24787987810016318,0,1
1573,29,982,0.24786511632386302,8.620036648832112e-05,0.2477789159573747,0,0
1477,7,1102,0.2477361922014855,3.648626059166866e-08,0.2477361557152249,0,0
460,13,21,0.24720883670472318,6.924224588338668e-08,0.2472087674624773,1,1
664,12,466,0.24680132562206727,4.408160349636039e-05,0.2467572440185709,0,0
565,11,795,0.24631457676970597,4.8739185714486935e-08,0.24631452803052026,0,0
1387,8,806,0.2537253907004434,0.007756157637908933,0.2459692330625345,0,1
466,5,689,0.24578472239141672,2.0333939107414113e-05,0.2457643884523093,0,0
179,7,641,0.24525505077439289,0.0005190840296288129,0.24473596674476408,0,0
12,8,1015,0.24437763357451064,0.00010509993987300037,0.24427253363463763,0,1
1093,10,1043,0.2434619995157266,5.234932578762841e-07,0.24346147602246873,0,0
1131,13,796,0.24284952716935598,5.3587503827730565e-06,0.24284416841897322,0,1
1184,11,1099,0.24248858629481962,5.237653564877833e-05,0.24243620975917085,0,0
153,2,628,0.23808438859980968,2.9278336072768957e-07,0.23808409581644896,0,0
632,13,277,0.23799046677656996,3.533588691011046e-05,0.23795513088965986,0,1
1216,11,571,0.23740115231438952,3.573509732022993e-07,0.23740079496341632,0,0
15,30,933,0.24198971506849826,0.005119931713441904,0.23686978335505635,0,1
1387,8,585,0.23653655026561046,1.5726273263099666e-06,0.23653497763828416,0,1
844,8,554,0.23399783755761347,2.619824322036749e-06,0.23399521773329143,0,1
1545,8,754,0.23350834840264714,3.369706193936714e-05,0.23347465134070777,0,1
158,26,905,0.234264474814391,0.001530539791976198,0.2327339350224148,0,1
1386,13,27,0.23218256918118582,1.387726180111856e-07,0.2321824304085678,0,1
1025,13,1027,0.2322483557897482,0.00036298197142956083,0.23188537381831864,0,1
787,27,726,0.2309849918445969,3.8958254102473593e-07,0.23098460226205586,0,0
1031,13,277,0.23084944393597562,9.215477594738954e-07,0.23084852238821615,0,1
1263,5,455,0.23056449709146662,2.9069568280508334e-08,0.23056446802189834,0,0
1457,3,403,0.22974012131174895,0.0006415761193721358,0.22909854519237682,0,0
1199,13,1027,0.22871573314832347,0.0003813177661113791,0.22833441538221208,0,1
1300,13,723,0.22830204375540292,6.836642774060905e-07,0.2283013600911255,0,1
510,26,852,0.22766911758169817,1.7851757349467392e-06,0.2276673324059632,0,1
1,8,772,0.22745107850733587,1.3302643868655537e-06,0.227449748242949,1,1
712,26,609,0.22700244370897008,5.984823851616287e-06,0.22699645888511846,0,1
45,9,989,0.22661773672143784,6.854770023927161e-08,0.2266176681737376,0,0
433,8,793,0.2265781878471617,2.404228843232273e-07,0.22657794742427737,0,1
999,9,691,0.27947072200576084,0.053144571956661314,0.22632615004909953,0,0
1385,13,754,0.2558773470645775,0.030031537199840173,0.22584580986473732,0,1
162,30,798,0.22507363686708617,1.1552891248534708e-05,0.22506208397583763,0,1
305,13,1047,0.22517827781935473,0.00015313620426891792,0.22502514161508583,0,1
1387,30,631,0.2256596690390694,0.0006548600472087776,0.22500480899186062,0,1
665,13,586,0.22467105777440216,4.686919992456494e-05,0.2246241885744776,0,1
905,13,21,0.22301186156319827,1.1874698084565496e-07,0.2230117428162174,0,1
1070,8,544,0.2230799692898904,0.00015705858722068613,0.22292291070266973,0,1
231,4,803,0.22568502560139012,0.0032129307266949973,0.22247209487469513,0,0
792,29,800,0.22224560304700175,2.0654634908444036e-06,0.2222435375835109,0,0
366,8,884,0.22170036274104282,1.0700211831867769e-05,0.22168966252921096,1,1
634,9,788,0.21971139576048762,2.9301345531270453e-08,0.21971136645914208,0,0
1457,26,735,0.21957704737213768,0.00042955647413542953,0.21914749089800226,0,1
63,26,514,0.29521260988612824,0.0760911637415879,0.21912144614454032,0,1
207,26,729,0.21788311244333547,1.1273676165322692e-05,0.21787183876717015,0,1
1493,13,771,0.21878026787137947,0.0010698137497491009,0.21771045412163037,0,1
467,9,578,0.21743583139485378,2.1780863419308708e-05,0.21741405053143448,0,0
464,3,395,0.21674350305903475,6.977406247542905e-05,0.21667372899655932,0,0
766,11,795,0.21773253028129863,0.0010843190263745727,0.21664821125492406,0,0
12,8,754,0.21659489803338797,5.120622701478402e-05,0.21654369180637317,0,1
179,9,705,0.2243208365784124,0.008123462746320522,0.21619737383209187,0,0
283,26,356,0.2155211422412422,2.804081444559322e-07,0.21552086183309774,0,1
528,13,1070,0.21467942406693735,1.6334343106937897e-05,0.2146630897238304,0,1
560,13,705,0.21454134149246842,1.1087569145932361e-07,0.21454123061677696,0,1
844,11,506,0.21439256033386356,1.2986611127855285e-05,0.2143795737227357,0,0
1216,11,795,0.21422263768371136,9.723947846678802e-06,0.21421291373586468,0,0
1347,30,391,0.21608240456753913,0.002251441050908775,0.21383096351663036,0,1
1357,8,559,0.21299594625774468,1.2849701039477987e-07,0.21299581776073429,0,1
1,29,873,0.2128090894321226,3.8630647683943697e-07,0.21280870312564576,0,0
933,8,559,0.21221479775557595,1.0926644301117428e-06,0.21221370509114584,0,1
1115,29,1035,0.2116963722329545,8.017106883047792e-06,0.21168835512607145,0,0
1166,8,733,0.21160396939714163,5.6688108854848334e-08,0.21160391270903278,0,1
813,8,1070,0.21157517560568986,3.938489123536455e-08,0.21157513622079863,0,1
1103,5,934,0.2113120619899826,6.360859184595157e-06,0.211305701130798,0,0
823,13,901,0.21470465473244002,0.0037234041351393403,0.2109812505973007,0,1
243,8,883,0.21082794886697195,3.286844298287028e-06,0.21082466202267366,0,1
1246,8,658,0.21037188949493574,2.2198295663179023e-06,0.2103696696653694,0,1
570,13,625,0.2182002418215737,0.007854151712997533,0.21034609010857616,0,1
1073,8,672,0.20967048297354357,5.474589539161621e-07,0.20966993551458965,0,1
1142,13,556,0.2088723967695453,2.044231957143532e-05,0.20885195444997387,0,1
55,13,284,0.20874963442339298,8.317175191440378e-07,0.20874880270587384,0,1
871,13,1025,0.208377836521295,5.1463831864339e-07,0.20837732188297634,0,1
566,26,471,0.2575066862896506,0.049391733376899186,0.20811495291275145,0,1
1257,8,494,0.20776751186521403,2.1409721905054326e-06,0.20776537089302352,1,1
911,12,783,0.20698705793455552,0.00010193746068502338,0.2068851204738705,0,0
1093,10,662,0.2068231513258434,5.905282715685816e-07,0.20682256079757183,0,0
556,29,674,0.20729545039721842,0.001082363214017645,0.20621308718320078,0,0
460,12,705,0.2061717776448389,1.4534772295456546e-07,0.20617163229711596,0,0
7,13,450,0.20615490289515911,5.743859890700408e-06,0.20614915903526843,0,1
1529,13,886,0.20546939987699672,3.32582587265496e-06,0.20546607405112408,0,1
1463,8,256,0.20543914645831196,7.926326304198351e-07,0.20543835382568154,0,1
1387,28,441,0.2059193014015839,0.0006481252429853297,0.20527117615859858,0,0
712,13,770,0.20518973342367589,6.710969591289704e-05,0.205122623727763,1,1
1387,1,568,0.20436197639956521,2.620648550840465e-06,0.20435935575101438,0,0
1542,13,796,0.2040859843147186,1.0532518197846151e-07,0.20408587898953665,0,1
336,13,20,0.2035029580914177,7.506204660455562e-09,0.20350295058521303,0,1
1463,30,595,0.20303810517568122,4.5978337101084663e-07,0.2030376453923102,0,1
911,12,819,0.20294134346631357,1.2462648806782305e-05,0.2029288808175068,0,0
1257,12,819,0.20285881995701854,1.3917995584517966e-06,0.20285742815746008,0,0
1463,27,394,0.20272562312110745,2.60561721976562e-06,0.2027230175038877,0,0
1339,13,692,0.20351144334594354,0.0008200252090839032,0.20269141813685965,0,1
877,13,515,0.20252197578952688,1.1624318239459709e-06,0.20252081335770294,0,1
585,13,773,0.20251164957377565,6.151085153765484e-07,0.20251103446526028,1,1
844,5,431,0.20243872357294557,2.3996827356930745e-07,0.202438483604672,0,0
1480,13,1070,0.20215341905280498,3.0267366564414955e-07,0.20215311637913935,0,1
1544,8,661,0.2016511839441405,8.534954862110972e-06,0.2016426489892784,0,1
1231,10,662,0.20023166123717584,3.6846531573153855e-05,0.20019481470560269,0,0
162,8,807,0.19928784868927715,3.595973123778832e-07,0.19928748909196478,0,1
1056,11,759,0.19852696192581581,1.5791867362489242e-07,0.19852680400714218,0,0
1578,13,675,0.19830447027036663,1.866532972846383e-06,0.19830260373739378,0,1
1166,8,1002,0.19828204546424277,9.037155380452021e-08,0.19828195509268898,0,1
878,13,418,0.19826690247494327,5.300194801096217e-06,0.19826160228014217,0,1
638,11,913,0.19694906487712638,3.6857454928254616e-05,0.19691220742219812,0,0
621,30,786,0.19634870289939882,3.420562074764409e-06,0.19634528233732407,0,1
1259,13,951,0.1956285278438894,1.3837242223848722e-07,0.19562838947146716,0,1
494,13,284,0.19548230166633893,7.691891889020959e-08,0.19548222474742002,0,1
1463,8,911,0.19535771741288124,1.1886850471741418e-05,0.1953458305624095,1,1
1578,8,907,0.19501105661728013,1.0720381570250896e-06,0.1950099845791231,0,1
1467,8,610,0.1944089166517483,7.910109887659977e-08,0.19440883755064944,0,1
1136,8,257,0.19330299292039724,3.942583577138647e-08,0.19330295349456147,0,1
230,13,422,0.19313621007778883,4.146856869841622e-08,0.19313616860922014,0,1
257,8,544,0.1929767493637051,3.1007512593444636e-07,0.19297643928857916,0,1
1472,26,905,0.1925575253976837,2.105936762130972e-06,0.19255541946092156,0,1
179,9,607,0.21980643231691935,0.02734186118701019,0.19246457112990917,0,0
474,13,556,0.1919391826945545,5.098526826997883e-06,0.1919340841677275,0,1
712,9,896,0.19194089109474036,0.0001511208293300792,0.19178977026541028,0,0
112,13,284,0.19175222442647172,1.9788108092219907e-07,0.1917520265453908,0,1
1344,13,22,0.19175272305946994,3.7435615634078646e-06,0.19174897949790654,1,1
46,12,496,0.19163154789888728,1.0369249902136032e-05,0.19162117864898515,0,0
460,29,982,0.1911945799022329,2.9003559596084582e-08,0.1911945508986733,0,0
550,26,852,0.1931800047942172,0.0025042301307677635,0.19067577466344945,0,1
1463,28,441,0.19026132608640126,2.943559526948366e-07,0.19026103173044856,0,0
959,8,744,0.18995394967379603,7.278519610052345e-06,0.18994667115418598,0,1
1025,3,263,0.18962968689548604,1.1608250550144645e-05,0.1896180786449359,0,0
82,8,754,0.18880920981029486,1.190144518875756e-06,0.18880801966577598,1,1
300,4,407,0.18879887175735566,2.251346121850244e-08,0.18879884924389445,1,0
1216,29,750,0.1883464662672407,4.9236176637054474e-08,0.18834641703106406,0,0
1364,13,20,0.18802655119882433,1.648654878595499e-06,0.18802490254394574,0,1
792,13,954,0.18767354771304695,4.404451405803088e-06,0.18766914326164114,0,1
1285,12,492,0.187611471514462,2.902813471502974e-06,0.1876085687009905,0,0
964,13,942,0.18678919936140734,1.1150357451151445e-05,0.1867780490039562,0,1
1314,8,964,0.18644314523750954,8.63900345595633e-07,0.18644228133716395,0,1
1466,8,83,0.18625745441145036,8.356469258363061e-09,0.1862574460549811,0,1
1044,8,722,0.18616743011156672,6.180639894973721e-06,0.18616124947167176,0,1
1463,30,325,0.18568220093555626,2.120272658145309e-09,0.1856821988152836,0,1
464,27,1089,0.18542411728622354,4.0001997885290906e-06,0.18542011708643502,0,0
450,13,164,0.1853739233826048,2.338331873711436e-05,0.1853505400638677,0,1
1250,8,1017,0.18628010450189864,0.0011041579102922172,0.1851759465916064,0,1
802,26,514,0.18461486594635576,3.471147061103813e-06,0.18461139479929467,0,1
283,30,924,0.18456523707799724,4.756408470051855e-07,0.18456476143715023,0,1
1398,8,13,0.18443018835289515,1.786602561930089e-08,0.18443017048686952,0,1
1044,13,21,0.1841157545033921,1.5897993028241709e-07,0.18411559552346182,0,1
1574,10,15,0.18339603788923176,4.533704609898479e-06,0.18339150418462186,0,0
250,8,437,0.18264619510295085,3.3030670592228813e-07,0.18264586479624492,0,1
1364,8,559,0.18174262984783324,1.837808815251442e-08,0.18174261146974507,0,1
1529,9,287,0.18154855632725825,1.1569873622391901e-07,0.18154844062852202,0,0
769,13,681,0.18147530897254627,1.0594419968597193e-07,0.18147520302834658,0,1
909,8,658,0.18192321302729073,0.0004509112861421391,0.1814723017411486,0,1
1093,10,279,0.18901665909298473,0.008078673016288132,0.1809379860766966,0,0
1192,5,934,0.1806814850459645,1.4801355064548212e-05,0.18066668369089997,0,0
792,29,416,0.1803902525180221,5.664315484806761e-06,0.1803845882025373,0,0
355,11,913,0.17983803483828442,3.590848998586015e-06,0.17983444398928583,0,0
1466,8,658,0.17938969342768363,2.4011793170693954e-07,0.17938945330975192,0,1
319,6,677,0.17935848763730664,2.3995581396201178e-05,0.17933449205591043,0,0
15,9,691,0.20313771149268614,0.023953197628461053,0.1791845138642251,0,0
638,8,755,0.17908057109919773,1.5360880349113173e-05,0.1790652102188486,0,1
1441,30,531,0.17906311186335325,6.81090026912098e-05,0.17899500286066203,0,1
1387,13,418,0.1802146375735321,0.0013487883742549017,0.1788658491992772,0,1
1337,28,529,0.17870758987865057,0.00010024707042440958,0.17860734280822615,0,0
962,9,444,0.17845755462936658,2.752808550015015e-06,0.17845480182081655,0,0
1216,29,613,0.17838806145266198,0.0001473029744185216,0.17824075847824344,0,0
626,30,863,0.24192921061795555,0.0640762237765113,0.17785298684144424,0,1
1357,13,530,0.17750914889464378,1.0434859419240948e-05,0.17749871403522455,0,1
1368,13,734,0.17733797101864388,2.2614691866251358e-07,0.1773377448717252,0,1
1387,27,1096,0.1778255097973833,0.0007376332651785488,0.17708787653220473,0,0
627,8,747,0.17861279488644968,0.0018468848203391144,0.17676591006611056,0,1
370,13,885,0.17660228634071626,1.4896717040919158e-07,0.17660213737354585,0,1
566,10,279,0.17692562669714376,0.00038804637992827793,0.17653758031721548,0,0
1506,11,1099,0.17634440021560438,2.2037591692520696e-05,0.17632236262391185,0,0
1093,10,689,0.17629021971710082,0.00012374816907047,0.17616647154803036,0,0
1368,13,901,0.17610332764351055,1.0976644493418494e-06,0.17610222997906122,0,1
416,4,591,0.17618001579717785,0.00034382276126924423,0.1758361930359086,0,0
7,4,459,0.17549142005265356,8.703966011970347e-07,0.17549054965605235,0,0
528,8,882,0.17522883046438625,1.8929172273355367e-06,0.17522693754715893,0,1
317,30,1001,0.175177817482271,4.12800268016563e-09,0.1751778133542683,0,1
1582,13,511,0.17513629039644374,1.5315384147207862e-06,0.175134758858029,0,1
967,11,971,0.17509805133327405,9.346264404327724e-08,0.17509795787063,0,0
1408,30,773,0.17421888468584712,4.414205247851974e-06,0.17421447048059926,0,1
1259,5,1043,0.1741776036651652,1.0541668884189094e-06,0.17417654949827677,0,0
226,13,714,0.17368674739084938,1.6958476810618059e-06,0.17368505154316832,0,1
1341,12,466,0.20097321872332435,0.0273211849832053,0.17365203374011906,0,0
257,13,920,0.17356901131774477,6.0496654042975295e-05,0.1735085146637018,0,1
1357,13,1070,0.17347750253650732,2.9347630925991916e-07,0.17347720906019806,0,1
1285,8,581,0.17344575332694545,8.95411596835832e-08,0.17344566378578577,0,1
421,13,21,0.1729278251807001,3.9110346053306287e-08,0.17292778607035406,0,1
1093,7,687,0.1746264736549358,0.0017301961598909174,0.17289627749504488,0,0
1521,13,450,0.17256554839642174,9.44514217885379e-06,0.1725561032542429,0,1
1194,5,431,0.17218515623630207,7.729367017083852e-08,0.1721850789426319,0,0
967,8,1033,0.17209064262560306,3.49005126459946e-08,0.1720906077250904,0,1
1347,13,705,0.17251115893253832,0.0004328060647602696,0.17207835286777806,0,1
528,9,691,0.17170411568613148,7.0616673334738316e-06,0.171697054018798,0,0
1231,5,431,0.1716209484725653,2.899172793416587e-07,0.17162065855528594,0,0
1556,8,11,0.17130560086154017,8.251929066969909e-06,0.1712973489324732,0,1
366,8,792,0.17119857104678976,7.587281168410284e-07,0.17119781231867293,0,1
494,13,24,0.17103162696330948,3.7247576021310024e-07,0.17103125448754927,0,1
433,8,511,0.1708460396286777,2.964862925256932e-07,0.17084574314238518,0,1
132,8,989,0.17072893428613978,6.988524525589133e-05,0.1706590490408839,0,1
283,26,695,0.17053579046896214,1.949633640255078e-06,0.1705338408353219,0,1
1549,4,895,0.18657843604902657,0.016659283775116183,0.16991915227391038,0,0
1529,8,1084,0.1694920613774906,1.2069174717264202e-08,0.16949204930831588,0,1
63,9,287,0.17565918679341763,0.009343592349734139,0.1663155944436835,0,0
243,8,1110,0.1659639019535542,1.6114342808922704e-06,0.1659622905192733,0,1
433,8,747,0.16566418018897486,1.1196934364573353e-07,0.1656640682196312,0,1
1347,30,412,0.1656850932006883,2.666760068861469e-05,0.1656584255999997,0,1
379,13,960,0.16506045753313778,7.281930007098222e-07,0.16505972934013707,0,1
1418,12,466,0.16927137347552212,0.004702668703606062,0.16456870477191607,0,0
1182,26,855,0.18751789725108547,0.023160895517644386,0.1643570017334411,0,1
835,13,672,0.16414424702069663,2.043633074956683e-06,0.16414220338762167,0,1
1210,13,24,0.16400772002267958,2.596378063893557e-07,0.16400746038487318,0,1
179,8,11,0.16337888015711194,0.0001796601043078763,0.16319922005280407,0,1
1418,8,11,0.16414981929550915,0.0014468798452217419,0.1627029394502874,0,1
447,13,281,0.16235599841581114,1.9125933743366146e-05,0.16233687248206777,0,1
55,13,1065,0.1623110348660121,2.1653597203779974e-06,0.1623088695062917,0,1
1339,13,268,0.16227013811282098,5.779791303563257e-05,0.16221234019978534,0,1
214,13,146,0.16200753640525087,3.7463095566158364e-05,0.16197007330968471,0,1
1490,11,658,0.16116471970757493,6.148662153480301e-06,0.16115857104542144,0,0
1544,8,907,0.16154981978430757,0.000599346334464231,0.16095047344984334,0,1
1485,29,619,0.15976206250665148,7.737208977232168e-06,0.15975432529767425,0,0
1166,12,1075,0.1591012778190762,1.2840223634202438e-07,0.15910114941683987,0,0
179,8,1000,0.1728048557522172,0.014525834125247541,0.15827902162696966,0,1
909,4,791,0.15829853023752752,0.0005431045338639514,0.15775542570366358,0,0
667,13,723,0.1571946934587291,5.889122759398256e-06,0.1571888043359697,0,1
712,26,790,0.15746355954457333,0.0003131155732190797,0.15715044397135425,0,1
1115,29,975,0.15644327929562069,1.4205641073919438e-05,0.15642907365454675,0,0
1347,12,783,0.15912888288009297,0.0028261968934782246,0.15630268598661476,0,0
254,11,506,0.15606167127031367,3.803704306601389e-08,0.1560616332332706,0,0
585,4,407,0.15598691288254452,1.0410863896442666e-08,0.15598690247168062,0,0
795,8,882,0.1556045354086156,2.9214658715507127e-06,0.15560161394274405,0,1
967,11,506,0.15558066776666443,3.823561053811538e-06,0.15557684420561063,0,0
781,13,694,0.15488283479382928,5.536017289994098e-06,0.15487729877653927,0,1
1385,13,465,0.15476220776920602,1.1369586069927073e-05,0.1547508381831361,0,1
1300,13,773,0.15438641593279814,9.689973882048318e-07,0.15438544693540993,1,1
1544,5,934,0.1543394886194294,3.248952026493975e-05,0.15430699909916445,0,0
644,8,907,0.15417441792616624,7.837079621385682e-08,0.15417433955537002,0,1
1556,13,277,0.1541021944341284,6.653720539862634e-07,0.15410152906207442,0,1
1085,13,844,0.15403386736372762,2.9063004552488325e-06,0.15403096106327238,0,1
71,9,989,0.1535209192047724,1.2846187882373299e-06,0.15351963458598417,0,0
132,13,606,0.1535290203870181,3.670943807247887e-05,0.1534923109489456,0,1
1485,29,1081,0.15337325902846433,2.633374646433279e-06,0.1533706256538179,0,0
90,26,942,0.15325720132608903,6.207097517454144e-06,0.15325099422857158,0,1
1341,10,662,0.1530989805835085,0.00018771730196247434,0.152911263281546,0,0
1412,8,598,0.15324105817185188,0.0003736371813864251,0.15286742099046546,0,1
1115,29,613,0.152550752696223,9.140607614294078e-06,0.15254161208860872,0,0
300,13,1021,0.15200959106237402,5.089534081746871e-07,0.15200908210896585,0,1
226,8,1002,0.1518246311330196,2.6625510042231217e-07,0.1518243648779192,0,1
566,26,536,0.15175033538217245,4.2784183000987494e-05,0.15170755119917145,0,1
792,29,868,0.1516677440363271,1.0860633849113761e-05,0.151656883402478,0,0
1382,8,884,0.1515530402700423,8.058672620841265e-07,0.1515522344027802,0,1
1055,8,981,0.15104950515240925,2.0770293603155303e-05,0.1510287348588061,0,1
71,13,773,0.1509874503768226,3.2719582490348455e-08,0.1509874176572401,0,1
1549,26,1000,0.1991186158944504,0.04867113403678548,0.15044748185766493,0,1
15,4,591,0.25581442013642913,0.10539710907132013,0.150417311065109,0,0
755,8,906,0.1504327355393487,4.778568147012779e-05,0.15038494985787856,0,1
1044,13,773,0.14977422958238595,2.4959461168013742e-05,0.14974927012121794,0,1
283,30,626,0.14944139981677537,8.549341373687545e-08,0.14944131432336163,0,1
433,13,515,0.149161289291183,4.389304206133994e-06,0.14915689998697687,0,1
977,13,468,0.14908025665355307,2.0751181466065264e-07,0.14908004914173842,0,1
1415,10,732,0.14848376113319922,2.810832456600659e-05,0.1484556528086332,0,0
1408,12,526,0.1487008121581389,0.0006027314002235839,0.14809808075791533,0,0
520,8,14,0.14802108667937078,2.512091519877594e-06,0.1480185745878509,0,1
235,30,412,0.14981520239729618,0.002173900080990203,0.14764130231630598,1,1
1104,13,726,0.14752272270096015,2.0452101500556788e-07,0.14752251817994513,0,1
1198,29,982,0.14971339513952206,0.002624361502684169,0.1470890336368379,1,0
1549,9,105,0.147072943809224,7.455427030785913e-06,0.14706548838219322,0,0
871,13,919,0.14702587893317315,1.97213770300869e-06,0.14702390679547014,0,1
1257,12,783,0.14671883153671045,7.448858451843964e-05,0.146644342952192,0,0
27,13,723,0.14862556753877237,0.002395445540234024,0.14623012199853835,0,1
835,13,608,0.14612436734009354,1.1421722229751336e-06,0.14612322516787057,0,1
131,13,510,0.14612219887210845,3.960201591017581e-07,0.14612180285194934,0,1
1184,11,1044,0.1455883788923344,2.7451509891816214e-05,0.14556092738244258,0,0
561,9,635,0.1455006547964183,6.834327332804667e-06,0.1454938204690855,0,0
55,13,608,0.14494547979463546,2.388483591857624e-06,0.1449430913110436,0,1
1317,8,806,0.14487059974009645,2.075179676391849e-06,0.14486852456042004,0,1
528,13,422,0.1446425244860497,7.028393148711484e-08,0.14464245420211821,0,1
1,13,146,0.1444448930224633,1.5859545148775932e-08,0.14444487716291815,0,1
189,8,554,0.14444205509368144,4.7357468038692586e-08,0.1444420077362134,0,1
706,13,685,0.14484357946736937,0.00046309050558464857,0.1443804889617847,0,1
1305,13,1070,0.14425860240568034,4.592192849986391e-05,0.14421268047718047,0,1
876,30,529,0.16071984931668912,0.01666645752881734,0.14405339178787177,0,1
1463,13,454,0.1438072469624959,5.573982741257315e-06,0.14380167297975463,1,1
1467,9,520,0.14629464610565077,0.002590392672279734,0.14370425343337104,0,0
1182,5,663,0.1435632808273169,5.819188642218456e-05,0.14350508894089473,0,0
1463,11,1044,0.14323297995729228,7.317354407500613e-08,0.1432329067837482,0,0
1231,13,625,0.14273924654423525,9.322374604928479e-08,0.1427391533204892,0,1
831,13,1055,0.142868311681716,0.00045185183848514966,0.14241645984323084,0,1
877,13,147,0.14154852398883935,7.661690671911238e-07,0.14154775781977216,0,1
71,4,651,0.1414229272482572,1.7132249017815287e-07,0.14142275592576703,0,0
1549,13,1032,0.14175844633380363,0.00043028080288711753,0.1413281655309165,0,1
1305,13,422,0.14129893381348888,8.145949248996886e-08,0.1412988523539964,0,1
131,13,982,0.14127104848041,3.634979767411366e-05,0.1412346986827359,0,1
1258,13,771,0.14086477732263264,5.637030502808255e-05,0.14080840701760455,0,1
189,26,776,0.14041313782506012,1.1864452480877585e-05,0.14040127337257924,0,1
510,13,504,0.140276497460389,2.522378682209358e-06,0.1402739750817068,0,1
189,8,532,0.14001408632356074,3.516601634252679e-08,0.1400140511575444,0,1
243,8,1049,0.1397041053635969,6.431767171442706e-07,0.13970346218687976,0,1
226,8,806,0.13965021509435288,1.5807528065101624e-07,0.13965005701907224,0,1
831,8,624,0.13986517395432513,0.00040893626110036576,0.13945623769322477,0,1
1259,30,5,0.13894300502215962,2.8041908440819593e-06,0.13894020083131553,0,1
1500,13,510,0.13930084499219886,0.0005438779591878649,0.138756967033011,0,1
1103,13,24,0.1386747664089046,1.4294954907421202e-07,0.13867462345935552,0,1
1093,13,1032,0.1382678254450289,2.362699587162337e-06,0.13826546274544174,0,1
510,30,412,0.1380954489748557,1.4707971298471525e-07,0.1380953018951427,0,1
328,13,268,0.1379234702366021,5.208326264175846e-06,0.1379182619103379,0,1
1073,13,685,0.13785354317286289,1.1438209622270357e-06,0.13785239935190066,0,1
967,10,431,0.13742772152772317,2.2586065039985625e-08,0.13742769894165813,0,0
1343,4,407,0.13737828334502444,4.434677875976454e-08,0.1373782389982457,0,0
228,8,615,0.13708392545321016,2.859334349852744e-08,0.13708389685986666,0,1
578,26,514,0.1368015354398189,1.4522096174934826e-06,0.1368000832302014,0,1
1368,13,603,0.13675578548609071,3.4641962203415137e-07,0.13675543906646867,0,1
88,5,934,0.13658927506222238,7.997028214924718e-05,0.13650930478007312,0,0
1457,3,718,0.1362229692872093,3.861073437245405e-06,0.13621910821377206,0,0
112,13,692,0.13607655860269943,2.8368403351173534e-06,0.13607372176236432,0,1
787,13,995,0.13593771115360248,2.889129028225841e-06,0.13593482202457424,0,1
1305,8,1081,0.1359578001073813,5.132708589217301e-05,0.13590647302148912,0,1
230,13,892,0.13532705361410532,1.0168240473845284e-06,0.13532603679005795,0,1
607,7,687,0.13504866504385193,7.938475428642668e-09,0.1350486571053765,0,0
564,13,960,0.13419731090172576,2.9659574975228323e-06,0.13419434494422824,0,1
71,11,795,0.1337227136047997,2.1693849719418004e-06,0.13372054421982776,0,0
1025,28,674,0.13344034884240588,1.1383883026374239e-05,0.1334289649593795,0,0
1210,13,892,0.1330392747886047,1.6329650796076732e-06,0.1330376418235251,0,1
243,8,511,0.13264649082340832,5.653817847076052e-08,0.13264643428522985,0,1
627,10,689,0.13445712599635984,0.0018338046392113536,0.1326233213571485,0,0
1357,13,1025,0.13256562942152736,2.6084568399736136e-07,0.13256536857584336,0,1
1199,13,692,0.13984404858739286,0.007375224630129503,0.13246882395726337,0,1
367,8,532,0.1312789485521131,1.2580191186126959e-08,0.13127893597192192,0,1
1259,30,911,0.1311836716657855,3.4729857386769685e-07,0.13118332436721164,0,1
1015,13,1065,0.13095778698770522,9.60960056034793e-05,0.13086169098210174,0,1
1339,9,989,0.13176276301724382,0.0010102529333611662,0.13075251008388267,0,0
1463,11,571,0.130692545392232,7.725723687682538e-07,0.13069177281986322,0,0
439,12,705,0.13064459470528286,6.886614306740672e-09,0.13064458781866856,0,0
1537,13,692,0.13052869998475525,6.710197784775542e-06,0.13052198978697047,0,1
909,8,919,0.13043883195247408,9.810635997353914e-06,0.1304290213164767,0,1
933,8,682,0.13018362568870714,3.9081929857457646e-08,0.13018358660677729,0,1
590,13,901,0.13007457576593873,2.5160618430793934e-05,0.13004941514750792,0,1
640,13,511,0.12990894538536113,1.6017052803832707e-07,0.1299087852148331,0,1
1216,8,248,0.1295188472866283,5.40150079116354e-07,0.1295183071365492,0,1
909,10,1043,0.12928071220991624,1.8723451377244335e-05,0.129261988758539,0,0
155,13,530,0.1292009576030657,1.1918935679854475e-06,0.12919976570949773,0,1
1457,8,248,0.12893452833222735,0.00029083725778374336,0.1286436910744436,0,1
1458,13,468,0.12841304430205772,2.291437146070106e-06,0.12841075286491166,0,1
1192,13,844,0.12976842186788934,0.0014243601684471923,0.12834406169944215,0,1
462,8,772,0.12725754676838402,4.2446906637105283e-07,0.12725712229931765,0,1
510,26,658,0.12705129979652852,1.038370444660255e-05,0.1270409160920819,0,1
1415,11,1044,0.1267500042132707,8.781079139013119e-07,0.1267491261053568,0,0
106,11,1044,0.12636456746065589,1.40230685278424e-07,0.1263644272299706,0,0
366,12,572,0.12633138141947547,1.7946867946732814e-05,0.12631343455152874,0,0
1337,30,282,0.1260665675335633,2.8841578339098932e-08,0.12606653869198495,0,1
1463,28,407,0.12588752036955497,7.82526263935241e-09,0.12588751254429234,0,0
189,30,1101,0.12549131892730878,0.00025223808969604926,0.12523908083761273,0,1
932,13,886,0.1250089299284033,2.3733533199266995e-06,0.12500655657508336,0,1
189,26,1024,0.12499432605930831,5.280822978053674e-06,0.12498904523633025,0,1
611,13,277,0.12458282949001989,1.8267161060128978e-06,0.12458100277391387,0,1
621,4,791,0.1244425328994588,9.658201928618278e-05,0.12434595088017261,0,0
1357,8,1002,0.12431541859009045,9.13716919848213e-07,0.1243145048731706,0,1
593,13,960,0.12390262917994006,1.049279205694436e-06,0.12390157990073437,0,1
1025,28,436,0.12350787772699341,0.0001687897624237457,0.12333908796456966,0,0
150,13,578,0.12330741648101105,1.1618320310457003e-05,0.12329579816070059,0,1
1549,12,496,0.12330590529208096,0.0001426039792813241,0.12316330131279964,0,0
131,30,1001,0.12310153383921928,7.011349546677794e-07,0.12310083270426461,0,1
1504,13,625,0.12458706559881684,0.0016722844966189248,0.12291478110219792,0,1
664,8,1059,0.12280390236442609,4.031695889543718e-05,0.12276358540553066,0,1
333,8,722,0.1226224565954584,1.4991300911250906e-07,0.12262230668244928,0,1
1457,8,1033,0.1224542558163223,6.49817996632367e-06,0.12244775763635597,0,1
416,2,628,0.12255894120100184,0.00108150475595795,0.1214774364450439,0,0
1398,29,696,0.1213147070778761,5.047876127988787e-07,0.12131420229026331,0,0
1356,13,888,0.1211180333630479,6.233756283080308e-07,0.12111740998741959,0,1
1343,13,1059,0.12089606794886582,1.8296121921681775e-05,0.12087777182694413,0,1
1398,4,407,0.12063502337008504,5.2566416878947106e-08,0.12063497080366817,0,0
214,13,123,0.1206215077497136,9.15165110886647e-08,0.12062141623320251,0,1
1343,4,895,0.12024095538578643,1.7174627412187582e-06,0.12023923792304521,0,0
526,13,685,0.12006299825591318,2.273104080073344e-06,0.12006072515183311,0,1
537,13,681,0.11990871487674312,5.052677347391186e-08,0.11990866434996965,0,1
424,13,756,0.11986721540009661,2.770256751091035e-07,0.1198669383744215,0,1
1305,13,512,0.11980185058500765,5.0061970727014305e-06,0.11979684438793495,0,1
712,8,725,0.11966074511943428,3.888906151537827e-05,0.1196218560579189,0,1
1093,10,431,0.11954082490345841,7.626306906661301e-07,0.11954006227276774,0,0
189,29,975,0.11949146294803022,1.1816876181664365e-07,0.1194913447792684,0,0
424,12,705,0.11938545652767275,5.975543933064221e-07,0.11938485897327945,0,0
1216,29,621,0.11910823648780298,3.70008786229522e-08,0.11910819948692436,0,0
274,8,1059,0.11902068417153354,4.9805813666043425e-06,0.11901570359016693,0,1
1534,11,669,0.1222816999571693,0.003322498286428676,0.11895920167074062,0,0
1091,8,661,0.11861022757262284,1.8989906675623035e-08,0.11861020858271616,1,1
814,30,921,0.1183516676830815,1.0031129479696219e-09,0.11835166667996855,0,1
283,26,1030,0.11791621299981384,8.022943461898747e-06,0.11790819005635193,0,1
1025,8,544,0.11774178200656582,1.3051295847793942e-06,0.11774047687698104,0,1
1563,10,279,0.11769080359142996,2.453749618691305e-06,0.11768834984181127,0,0
911,8,1048,0.11760923531314085,5.725729589419309e-07,0.1176086627401819,1,1
1480,13,473,0.11746162376539789,7.544602683330346e-06,0.11745407916271455,0,1
254,11,1012,0.11737866527906822,5.563282093965522e-09,0.11737865971578612,0,0
712,10,279,0.116807521409858,3.96037510874276e-06,0.11680356103474926,0,0
303,8,1048,0.11697565155143405,0.00019483284782993363,0.11678081870360411,0,1
844,10,996,0.11658650882497813,6.308307956952012e-08,0.11658644574189857,0,0
1239,26,611,0.11661385176827435,0.0003075347911490657,0.11630631697712529,0,1
682,8,581,0.11629693789504007,1.1563800306965483e-07,0.116296822257037,0,1
464,30,704,0.12017860048633276,0.003942776385068081,0.11623582410126468,0,1
300,13,262,0.11619883674343455,6.446216525724966e-10,0.1161988360988129,0,1
776,8,989,0.11610461599327555,1.9453442889532074e-07,0.11610442145884665,0,1
1450,13,942,0.11586898781211605,3.9351590316071117e-07,0.11586859429621289,0,1
792,13,673,0.11586864408341044,4.378518880574075e-06,0.11586426556452986,0,1
464,3,671,0.11551070372901201,0.00014317460007056445,0.11536752912894145,0,0
1387,8,889,0.11895607347554499,0.0038175246235883035,0.11513854885195668,0,1
632,13,1083,0.11493693583259684,5.108173095435126e-05,0.1148858541016425,0,1
299,13,22,0.11483690178751406,1.6289531699720792e-06,0.11483527283434408,0,1
1480,13,1083,0.11475662881572164,1.7356750692586418e-07,0.11475645524821472,0,1
319,13,1027,0.11483339154649112,0.00028911137586230183,0.11454428017062881,0,1
933,8,558,0.11444910946374745,1.7951427650090197e-08,0.1144490915123198,0,1
712,10,431,0.11444609159759585,1.5154735129322378e-07,0.11444594005024455,0,0
1,13,468,0.11407885987967843,2.8199788660927193e-07,0.11407857788179182,0,1
1398,4,459,0.11433723628357098,0.00036075778666747315,0.11397647849690351,0,0
518,13,796,0.1138895845791673,2.599365415246256e-07,0.11388932464262577,0,1
366,8,889,0.11389572795996525,7.178921727207089e-06,0.11388854903823804,0,1
1246,10,824,0.1135788108516508,3.0130045558163614e-08,0.11357878072160524,0,0
1408,8,432,0.11357764929172856,1.906026272492582e-05,0.11355858902900363,0,1
1534,26,660,0.11343115505675443,5.65299357243812e-06,0.11342550206318198,0,1
265,4,651,0.11320551720257785,1.245619095105614e-05,0.1131930610116268,0,0
1315,8,983,0.11839906009340816,0.005217293312139868,0.11318176678126829,0,1
748,7,641,0.1130248520149157,1.8280101497646403e-05,0.11300657191341805,0,0
214,8,804,0.11305930923889135,6.801593713233134e-05,0.11299129330175901,0,1
1025,26,972,0.11294919494386964,4.236267735843435e-05,0.1129068322665112,0,1
561,26,870,0.11348801893709966,0.0006128960352096201,0.11287512290189004,0,1
1166,13,504,0.11271564269186977,5.046726943845389e-08,0.11271559222460034,0,1
1305,13,944,0.11274315982544561,3.268000424562002e-05,0.11271047982119999,0,1
835,13,960,0.11267276134087842,4.523186065308548e-08,0.11267271610901776,0,1
598,8,922,0.11209043796417233,3.217531487243837e-06,0.11208722043268508,0,1
401,1,442,0.11175031579542219,5.283245261627902e-05,0.11169748334280591,0,0
1582,13,982,0.11159888545811336,6.130263856530104e-07,0.11159827243172771,0,1
891,30,625,0.11146850039481809,4.554207798237995e-06,0.11146394618701985,0,1
8,4,803,0.11146039944880992,1.0145751276353686e-05,0.11145025369753357,0,0
153,2,703,0.11139644703635043,2.1797525683001515e-05,0.11137464951066743,0,0
1398,9,870,0.11123126877328973,0.0001687023401614832,0.11106256643312824,0,0
7,10,968,0.11072917649755017,9.201534200786287e-05,0.1106371611555423,0,0
1463,7,641,0.11055105260918169,2.2806437665227917e-07,0.11055082454480504,0,0
1182,5,431,0.1105450122013071,6.2208692701582475e-06,0.11053879133203694,0,0
638,11,759,0.10995341735653104,3.1163282483413607e-05,0.10992225407404763,0,0
432,13,960,0.10986927388376648,2.4309253918614295e-05,0.10984496462984787,0,1
578,26,898,0.10963229778242979,3.520354474843508e-06,0.10962877742795495,0,1
1467,26,514,0.109463560071262,1.3419198594392845e-07,0.10946342587927606,0,1
755,9,607,0.10925115504648576,9.291902237392897e-06,0.10924186314424837,0,0
432,13,273,0.10894710448200787,1.2052287571034284e-06,0.10894589925325077,0,1
1115,29,448,0.1098137942030446,0.001151054327085792,0.10866273987595881,0,0
1339,13,786,0.10809711748139508,0.00010888331446382081,0.10798823416693126,0,1
911,13,771,0.10745863304833109,1.2591273565022476e-06,0.10745737392097458,0,1
1415,5,663,0.10752211095555055,7.224061125399978e-05,0.10744987034429655,0,0
638,8,554,0.10746626181436152,5.11710511005492e-05,0.10741509076326097,0,1
1298,26,985,0.10744345142864381,6.170647790132651e-05,0.10738174495074249,0,1
1,12,783,0.1072379905886833,2.7483986480706413e-06,0.10723524219003523,0,0
1257,8,740,0.10691619713569925,3.6554915044741035e-09,0.10691619348020774,0,1
112,13,603,0.10619009325179544,4.1024436920319486e-07,0.10618968300742625,0,1
566,30,1001,0.10597985248391684,2.2722785382494413e-07,0.10597962525606301,0,1
682,9,468,0.1059761784044442,8.076148555879187e-08,0.10597609764295865,0,0
1544,5,663,0.10589873339951203,1.2388203055266622e-05,0.10588634519645676,0,0
877,13,844,0.1058842810195665,2.124781855978057e-06,0.10588215623771052,0,1
1472,13,386,0.10551868252903983,5.535922404871835e-07,0.10551812893679934,0,1
1146,6,677,0.10543634695824886,1.4506311722042088e-06,0.10543489632707666,0,0
1216,11,506,0.10526066364105696,9.050859999749723e-08,0.10526057313245696,0,0
435,30,431,0.10472854760192007,1.5408147313786727e-05,0.1047131394546063,0,1
787,27,398,0.10470796767183531,6.569887982465638e-07,0.10470731068303706,0,0
1441,30,814,0.10465825802848676,5.739024242631238e-05,0.10460086778606045,0,1
1490,13,586,0.10419899192725228,3.659786797885011e-07,0.10419862594857249,0,1
45,8,1070,0.1032200046983823,8.427174284518113e-08,0.10321992042663945,1,1
611,13,844,0.10316595612310914,5.918387174636331e-07,0.10316536428439167,0,1
1347,30,798,0.10311815476876979,4.265644789587588e-07,0.10311772820429083,0,1
1199,13,771,0.10568554407071012,0.0027162093194323176,0.10296933475127781,0,1
634,13,22,0.10256622889807519,2.7999949484720136e-08,0.10256620089812571,0,1
385,13,786,0.1025181494954625,8.477418212040345e-09,0.10251814101804428,0,1
528,8,889,0.10240697265909499,1.2998916215861214e-05,0.10239397374287912,0,1
596,13,888,0.10233538740260908,4.0373428205026717e-07,0.10233498366832704,0,1
1477,8,559,0.10213762371982121,1.7400253897194895e-08,0.10213760631956732,0,1
1252,9,535,0.10211629981003761,1.3162565638578221e-06,0.10211498355347376,0,0
189,11,1012,0.10194721948048642,1.2987583415313223e-07,0.10194708960465226,0,0
1441,30,500,0.10134379243526688,0.00017486160455717332,0.10116893083070971,0,1
1229,8,465,0.1011668048501396,2.530645048015617e-06,0.10116427420509158,0,1
891,8,432,0.10093311169475958,4.4091275219591895e-06,0.10092870256723761,0,1
1343,13,773,0.1008566777418782,2.971020972382742e-06,0.10085370672090582,0,1
14,9,705,0.1007680938581628,3.1097729165174396e-07,0.10076778288087114,0,0
15,8,432,0.1024503155719106,0.0017294957481142272,0.10072081982379638,0,1
918,13,672,0.10058890116672346,5.970513244969094e-07,0.10058830411539897,0,1
1257,8,432,0.10052687342380921,2.5467109077312844e-05,0.1005014063147319,1,1
228,11,1099,0.10033797916198803,4.66644774528685e-08,0.10033793249751058,0,0
1026,30,566,0.10017636277275041,8.667889781749438e-08,0.10017627609385259,0,1
1521,13,744,0.10013923050895945,8.367739720636542e-06,0.10013086276923881,0,1
1142,13,148,0.10000107742549469,4.3487744667936175e-06,0.09999672865102789,0,1
766,13,530,0.1659074758039779,0.06622239068878207,0.09968508511519585,0,1
162,26,1093,0.09967742824890938,2.904499289151149e-06,0.09967452374962023,0,1
319,13,454,0.09970560056559383,5.013430082621423e-05,0.09965546626476761,0,1
983,4,551,0.09951902638192318,3.3284999254346444e-06,0.09951569788199775,0,0
607,2,583,0.09930169740701285,1.5133137953736704e-07,0.09930154607563331,0,0
1534,11,910,0.09942328251018738,0.0002755456998239339,0.09914773681036344,0,0
1305,10,457,0.0991252260099084,4.522491120803791e-06,0.0991207035187876,0,0
519,30,529,0.09912683702093486,1.602533501030209e-05,0.09911081168592456,0,1
1339,13,413,0.09898644540797315,1.6240880490639502e-05,0.09897020452748251,0,1
15,13,249,0.11007949466034299,0.011301672667414551,0.09877782199292844,0,1
333,13,625,0.09877466404929587,2.9818852784455226e-05,0.09874484519651142,0,1
1457,26,313,0.09851611746272154,0.00019889755366156925,0.09831721990905998,0,1
319,8,920,0.09829476395725145,4.102882893449895e-05,0.09825373512831695,0,1
520,30,773,0.09824928432924304,4.812287038816009e-07,0.09824880310053916,0,1
962,29,896,0.09819272319721892,2.0330786604581544e-06,0.09819069011855847,0,0
416,4,459,0.09768323565871888,2.2717506681807177e-05,0.09766051815203707,0,0
1382,8,983,0.09727473806822094,9.852777798183133e-07,0.09727375279044112,0,1
1418,26,435,0.09730081732204791,0.0002530640314781616,0.09704775329056975,0,1
1093,12,1063,0.09683069293974189,8.301155257013042e-06,0.09682239178448487,0,0
416,4,551,0.09811025799053719,0.0015960851496845448,0.09651417284085265,0,0
570,8,501,0.09699684493255475,0.0007130787662735273,0.09628376616628123,0,1
1347,8,846,0.09615083484046673,0.00017060580177381685,0.09598022903869291,0,1
1387,13,919,0.09570483837062448,2.092914610199359e-06,0.09570274545601427,0,1
776,13,770,0.09557180777206424,3.7491251552829454e-05,0.0955343165205114,0,1
1229,8,1081,0.0955088421482787,6.826133541546228e-07,0.09550815953492454,0,1
878,13,510,0.0952948762684504,5.038758757291282e-06,0.09528983750969311,0,1
1309,10,934,0.09525202142630765,1.1252020406501971e-06,0.095250896224267,0,0
712,26,435,0.09512379263502722,2.8578712810450964e-05,0.09509521392221677,0,1
202,8,792,0.09468536569293795,3.3753662643808494e-07,0.09468502815631151,0,1
1521,26,629,0.09437685471959022,4.3886857533532715e-06,0.09437246603383687,0,1
189,26,451,0.0942406049418703,2.4979671696661303e-06,0.09423810697470063,0,1
561,9,578,0.09441740760810134,0.00022623969519719074,0.09419116791290415,0,0
983,8,68,0.09415836232754894,4.4683308866827845e-09,0.09415835785921806,0,1
926,8,537,0.09344679601897288,2.877073873184018e-07,0.09344650831158556,0,1
753,9,691,0.0934190280994902,5.252355676836909e-07,0.09341850286392252,0,0
452,12,466,0.09327736286549325,9.640520968891835e-07,0.09327639881339636,0,0
1115,29,1081,0.09325910790075725,0.00010916416651949847,0.09314994373423775,0,0
452,12,1063,0.09301948829960917,2.9819601795960792e-05,0.09298966869781321,0,0
1317,8,532,0.09296362006845581,1.6926419729188587e-06,0.09296192742648289,1,1
565,11,658,0.0928899334709356,2.4876000276468027e-06,0.09288744587090796,0,0
1496,8,248,0.0927301963312689,1.310114679709439e-07,0.09273006531980094,0,1
598,6,677,0.09480555621594021,0.0020823339410783936,0.09272322227486182,0,0
1067,11,980,0.09224333062706655,1.8559606897666418e-06,0.09224147466637678,0,0
1485,12,705,0.09198989161757164,5.6579023883084745e-08,0.09198983503854775,0,0
226,13,770,0.0914356363133699,2.663721245463283e-07,0.09143536994124535,0,1
1493,13,886,0.10005900054388908,0.008741909393346417,0.09131709115054266,0,1
8,11,506,0.09131228868687451,5.765980678422708e-09,0.09131228292089383,0,0
998,12,466,0.09109362558640617,2.78238453387488e-07,0.09109334734795278,0,0
1387,27,1091,0.09087423557984776,2.527390271246918e-06,0.09087170818957652,0,0
1408,30,288,0.09076202917584755,2.5318063568974294e-05,0.09073671111227857,0,1
1044,13,726,0.09065941557353466,1.9910586339863555e-08,0.09065939566294831,0,1
519,13,625,0.09037812783329635,4.736081271325669e-06,0.09037339175202502,0,1
647,9,705,0.09032027619251051,7.247933240283661e-08,0.09032020371317812,0,0
1534,13,1027,0.08986977207814696,3.7598473591950455e-05,0.089832173604555,0,1
226,5,934,0.08945779615688278,1.4901963288470452e-08,0.08945778125491949,0,0
464,3,726,0.08946843692185091,3.6728590035217765e-05,0.0894317083318157,0,0
634,29,621,0.08941938469602378,6.2800645598191464e-09,0.08941937841595922,0,0
1184,13,954,0.09302714024707683,0.0036599061977215714,0.08936723404935526,0,1
626,30,412,0.08910410869850874,3.333749227071586e-07,0.08910377532358603,0,1
452,8,733,0.0890087065756326,2.0751477231516115e-06,0.08900663142790945,0,1
300,26,1080,0.08899138088517022,1.728617811885952e-08,0.08899136359899211,0,1
1142,29,868,0.08883213213125266,1.7845290463041778e-05,0.08881428684078961,0,0
1182,8,658,0.17426132211436868,0.0854876614481444,0.08877366066622427,0,1
214,13,138,0.0883589871607575,5.5171913283224055e-06,0.08835346996942918,0,1
402,13,850,0.08824536725208959,1.3185662571012152e-06,0.0882440486858325,0,1
657,13,919,0.0880731420897887,2.4866835499346557e-06,0.08807065540623876,0,1
162,26,824,0.08805997224110332,6.210360849190694e-07,0.0880593512050184,1,1
1418,13,786,0.08805099786865428,0.0004000353631072613,0.08765096250554702,0,1
735,8,727,0.08763924833361847,2.5882832839265777e-05,0.08761336550077921,0,1
1086,13,556,0.08758163228027283,2.048338675523605e-06,0.0875795839415973,0,1
962,8,979,0.08743262893616875,4.04045504573363e-08,0.0874325885316183,0,1
1452,13,586,0.08721701438970049,1.5770652000389674e-06,0.08721543732450045,0,1
814,30,531,0.08721297418436888,4.329882005017876e-09,0.08721296985448687,0,1
682,8,658,0.08678445649480722,1.7009657448174526e-07,0.08678428639823274,0,1
608,9,870,0.08716816405557701,0.0004277247886420206,0.08674043926693499,0,0
1549,12,783,0.8439442829075653,0.7572336613340636,0.08671062157350173,0,0
1457,3,823,0.14829923765307632,0.06224212158823744,0.08605711606483887,0,0
682,8,682,0.08594604486357849,1.6699101741782936e-07,0.08594587787256107,0,1
7,8,532,0.08576810410035413,7.258274872585143e-08,0.0857680315176054,0,1
1136,13,112,0.08567890661003807,1.57271649734739e-07,0.08567874933838834,0,1
462,13,610,0.08544190750554759,6.928651216509722e-08,0.08544183821903542,0,1
1055,13,422,0.08534988992098481,2.0543241859626918e-07,0.08534968448856622,0,1
71,9,578,0.08531990850031483,1.2933102420670486e-05,0.08530697539789416,0,0
153,8,807,0.08515270349640383,2.680477703122091e-07,0.08515243544863352,0,1
1252,8,14,0.085013019981015,1.2797816492909522e-07,0.08501289200285007,0,1
432,13,726,0.08493783309380429,3.143851486587588e-07,0.08493751870865562,0,1
265,13,1028,0.08485347792848992,6.157116878668062e-07,0.08485286221680205,0,1
367,10,431,0.08470074046177413,5.466805461478065e-08,0.08470068579371952,0,0
228,11,506,0.08457642520324372,1.0997798079146403e-06,0.08457532542343581,0,0
1387,28,977,0.08465463935059163,0.00012106436450042575,0.08453357498609121,0,0
389,13,127,0.08434700437278064,2.157136473520503e-05,0.08432543300804544,0,1
570,9,444,0.08459349466783707,0.0003382160181880799,0.08425527864964899,0,0
1544,13,422,0.08767464760756286,0.0034477006876115217,0.08422694691995133,0,1
781,13,644,0.08418434432480201,1.0354948698289473e-06,0.08418330882993219,0,1
1368,13,450,0.0839762152995768,7.158092196449694e-08,0.08397614371865483,0,1
1309,26,729,0.0837664829022348,1.0080365181581369e-05,0.08375640253705323,0,1
1046,13,675,0.08361256579320962,1.341083762214117e-07,0.0836124316848334,0,1
748,8,1063,0.08425576449491531,0.0007218889896873954,0.08353387550522792,0,1
1,29,613,0.08340404568337523,5.6408633283292126e-08,0.08340398927474195,0,0
593,8,278,0.08304113722395515,4.5260355895265273e-08,0.08304109196359925,0,1
520,8,1081,0.08304344450631676,3.982662291922539e-06,0.08303946184402483,0,1
1457,3,838,0.08366436611838732,0.0006537547825505062,0.08301061133583681,0,0
46,1,847,0.08290587579162445,1.452649605895319e-06,0.08290442314201855,0,0
1266,8,559,0.08278319280899905,2.364502613556166e-07,0.0827829563587377,0,1
1477,13,714,0.082452503743337,9.646765710096099e-07,0.08245153906676599,0,1
494,10,662,0.08212065529115613,8.07581901844359e-06,0.08211257947213768,0,0
1386,9,575,0.08151173330586627,4.7688360641031615e-08,0.08151168561750563,0,0
88,8,754,0.08507702574174919,0.0036140653012338483,0.08146296044051535,1,1
205,9,896,0.08146271182314968,7.549534343437419e-06,0.08145516228880624,0,0
1239,7,691,0.08147566657250127,0.0001609043860855862,0.08131476218641569,0,0
1360,8,725,0.08113202348686435,5.4357016914213224e-06,0.08112658778517293,0,1
1246,30,913,0.08095782717189903,1.5004288907966287e-05,0.08094282288299107,0,1
378,8,817,0.08090305738794328,2.8181219525258236e-08,0.08090302920672375,0,1
526,13,675,0.08077100692878537,3.4313721640820454e-06,0.0807675755566213,0,1
1192,13,510,0.08143527296236446,0.0006744878415657937,0.08076078512079866,1,1
831,8,285,0.08063862061670343,0.00015996243575494852,0.08047865818094849,0,1
416,8,865,0.08039173012367269,2.8724317650588004e-05,0.0803630058060221,0,1
748,8,711,0.08050560204342541,0.00016072385650654674,0.08034487818691886,0,1
556,9,444,0.08042937902182887,9.808897592798125e-05,0.08033129004590088,0,0
202,13,1055,0.08028904068639738,5.435264889633469e-06,0.08028360542150774,0,1
52,10,280,0.07985320845796434,4.280142620188086e-09,0.07985320417782173,0,0
189,28,674,0.07984496224187582,1.6707268372453808e-06,0.07984329151503858,0,0
1351,11,669,0.07955426067360313,4.7320252676611414e-06,0.07954952864833548,0,0
1086,11,980,0.07951308901832208,3.2535589436337426e-05,0.07948055342888574,0,0
1534,8,793,0.08461989394771807,0.0054717369653148945,0.07914815698240318,0,1
1367,8,755,0.07912695611364791,6.639652810586666e-06,0.07912031646083732,0,1
401,13,284,0.07907724733672088,5.940313119825777e-07,0.07907665330540889,0,1
871,26,476,0.08102773669531639,0.001977256997749253,0.07905047969756714,0,1
1146,13,1031,0.07887667639820181,1.3762268525775408e-06,0.07887530017134924,0,1
314,8,916,0.0787741008369038,2.2191505581926156e-05,0.07875190933132187,0,1
1573,13,731,0.0787464777635305,1.8267452289046123e-07,0.0787462950890076,0,1
46,30,318,0.07845798635220275,2.6707296454875223e-07,0.0784577192792382,0,1
1025,28,750,0.07848675220231385,3.9079712515877276e-05,0.07844767248979798,0,0
1549,30,579,0.07905956750556199,0.0007602470663928751,0.07829932043916912,0,1
464,3,264,0.07823582661097207,6.809409796942339e-06,0.07822901720117513,0,0
619,8,658,0.07790625972191874,2.892873419353384e-07,0.07790597043457681,0,1
757,8,6,0.07778637668389521,3.552755475949732e-05,0.07775084912913571,0,1
1477,7,986,0.07756554563329353,4.0506229377944026e-08,0.07756550512706414,0,0
1466,5,934,0.07748161489807907,2.5647632430764313e-05,0.07745596726564831,0,0
1534,8,537,0.0776116088182571,0.00016806718046200573,0.0774435416377951,0,1
1534,30,872,0.07791884942098865,0.0005540299818592356,0.07736481943912941,0,1
1340,13,763,0.07735967920134453,1.3995574049625464e-05,0.0773456836272949,0,1
1549,30,818,0.07795677978265637,0.0008211788621384592,0.07713560092051791,0,1
283,8,583,0.07701212682979151,3.7365814777143384e-08,0.07701208946397674,0,1
464,5,279,0.07700786310429288,2.9477417467336422e-05,0.07697838568682554,0,0
1500,13,685,0.07736447349329509,0.0005405415677363114,0.07682393192555878,0,1
1025,3,837,0.07681527404495084,2.3031611295045773e-06,0.07681297088382133,0,0
207,8,792,0.07665860116088882,5.737036461489895e-07,0.07665802745724268,0,1
97,13,1033,0.07803177960149305,0.001513397280266066,0.07651838232122699,0,1
1025,3,584,0.07653603018242737,9.368551035546e-05,0.07644234467207191,0,0
1187,13,960,0.07633010831289665,8.567275097358344e-05,0.07624443556192306,0,1
1168,13,515,0.0762403578615666,3.2082518825810064e-07,0.07624003703637834,0,1
634,8,889,0.07596126316713403,6.444129293497787e-08,0.07596119872584109,0,1
179,8,293,0.07641463642515606,0.0005056399415333056,0.07590899648362275,0,1
1534,3,831,0.07669709483334083,0.0008115277889529179,0.07588556704438791,0,0
1339,13,771,0.07731544775361165,0.001454859227536667,0.07586058852607498,0,1
467,13,960,0.07614716338420496,0.00037267558528493883,0.07577448779892003,1,1
926,7,687,0.07575780002983801,1.1608941069806704e-07,0.07575768394042731,0,0
179,8,725,0.07565708355800625,0.00023202718819823902,0.07542505636980801,0,1
3,13,21,0.07541159488133162,4.6633639697441e-05,0.07536496124163418,0,1
231,8,585,0.0752986592487323,0.00017527499245685525,0.07512338425627545,0,1
787,13,815,0.07506380759657326,2.127620771847501e-05,0.07504253138885478,0,1
1521,26,529,0.07498126093553718,4.326929782069559e-06,0.07497693400575511,0,1
634,8,624,0.07494500495168431,2.3718335528205234e-06,0.07494263311813149,0,1
712,26,916,0.0749705645920866,4.378957720649217e-05,0.07492677501488011,0,1
772,12,466,0.07512336614591165,0.0001992989829429932,0.07492406716296866,0,0
248,8,8,0.07486612048935405,1.5230168857112003e-07,0.07486596818766549,0,1
153,13,601,0.07486735370909349,2.1605395952656876e-06,0.07486519316949822,0,1
1202,13,164,0.07470122519632828,1.1979133021074457e-06,0.07470002728302617,0,1
1500,9,468,0.07473347191301384,8.755310723788003e-05,0.07464591880577597,0,0
1343,13,483,0.07463389043099436,9.982546742263214e-07,0.07463289217632013,0,1
911,13,23,0.07463630873612863,7.705425846984506e-06,0.07462860331028165,0,1
466,8,754,0.07469369356559187,6.761389182096536e-05,0.07462607967377091,0,1
790,13,454,0.07441629302613323,1.0050926874833238e-08,0.07441628297520636,0,1
71,13,483,0.07401440103364818,2.9079530977441212e-08,0.0740143719541172,0,1
197,13,685,0.07387380268644236,3.95708612603203e-06,0.07386984560031633,0,1
1109,7,691,0.07381739459947101,6.519598647206038e-07,0.07381674263960629,0,0
1182,10,15,0.07367026854830114,3.6144748878958508e-06,0.07366665407341325,0,0
379,13,413,0.07366664338256877,7.092541474489987e-08,0.07366657245715402,0,1
926,12,492,0.07412128894928614,0.0005479490431180708,0.07357333990616807,0,0
1500,12,496,0.07402617956042142,0.00045443704959152937,0.07357174251082989,0,0
268,13,773,0.07325480830812355,6.754516906732421e-08,0.07325474076295448,0,1
1184,11,913,0.07504259944655708,0.00195532978161399,0.0730872696649431,0,0
787,26,824,0.07305934716294897,1.3173675152359221e-08,0.07305933398927382,0,1
1131,13,1055,0.0729541124383909,4.938494248477212e-05,0.07290472749590612,0,1
983,8,278,0.07288905673417917,2.531997097812981e-07,0.07288880353446939,0,1
1472,13,163,0.07275311740631053,1.813391616102617e-08,0.07275309927239437,0,1
1239,5,279,0.0743828721903886,0.0019269730680335482,0.07245589912235505,0,0
243,13,542,0.07243903098322578,1.1334982570865652e-09,0.07243902984972753,0,1
878,8,1070,0.0723167993922142,3.4900355309517736e-06,0.07231330935668326,0,1
706,26,979,0.07240715722496362,0.00031439750201253913,0.07209275972295108,0,1
766,11,971,0.09380860449812739,0.02179380984206523,0.07201479465606216,0,0
844,10,934,0.07199335794855595,8.455046745354176e-06,0.0719849029018106,0,0
1559,13,512,0.0719795252016703,6.515481771539564e-07,0.07197887365349313,0,1
520,30,865,0.07190056524107952,1.1776175686057775e-05,0.07188878906539346,0,1
1467,29,597,0.07167841120165991,8.385568329285074e-06,0.07167002563333062,0,0
702,13,22,0.07164839018927399,1.605369377250882e-07,0.07164822965233626,0,1
1182,26,536,0.07381767616392579,0.002484803453044037,0.07133287271088175,0,1
1558,11,658,0.07122475652308284,6.3977977707943205e-06,0.07121835872531204,0,0
598,13,773,0.11535156740665042,0.0441458558908049,0.07120571151584552,1,1
565,8,511,0.07097439808732227,1.1778873015278112e-07,0.07097428029859211,0,1
250,8,585,0.07093249767294181,8.087250101515804e-05,0.07085162517192665,0,1
179,13,127,0.07085996798432194,1.1800251660557904e-05,0.07084816773266138,0,1
766,30,566,0.07083940943279908,5.049812002180653e-05,0.07078891131277727,0,1
962,13,556,0.07071066313379239,3.8481064910997285e-05,0.07067218206888139,0,1
14,8,983,0.07067154993923926,5.600840635959487e-07,0.07067098985517566,0,1
1319,9,691,0.07062647253735763,2.770645743375454e-06,0.07062370189161425,0,0
947,13,726,0.07051370925601792,1.9021734066856277e-07,0.07051351903867725,0,1
787,12,1075,0.07027855570681363,2.379046602037108e-06,0.07027617666021159,0,0
1521,26,985,0.07938004606039946,0.009176468291711922,0.07020357776868753,0,1
300,13,744,0.07020303722470073,3.5977142511446055e-08,0.07020300124755821,0,1
189,11,571,0.07014320845881532,2.7391765146187437e-07,0.07014293454116385,0,0
389,8,645,0.07001425254812431,1.0310055725432401e-05,0.07000394249239887,0,1
299,10,934,0.06992805093773694,2.0375361090519663e-06,0.06992601340162788,0,0
659,13,454,0.06993465680997714,4.187335451667415e-05,0.06989278345546046,1,1
179,13,672,0.07591190795090944,0.006540326946086288,0.06937158100482314,0,1
1444,13,786,0.06938977737488,4.4201469096147464e-05,0.06934557590578386,0,1
1504,11,1044,0.06912526180758423,3.645994144358822e-07,0.06912489720816979,0,0
1573,8,817,0.06876928016881416,8.68392576924274e-06,0.06876059624304491,0,1
1319,13,147,0.06870689303338447,7.396408104516194e-06,0.06869949662527995,0,1
396,13,865,0.06866961471053713,8.200373422799348e-07,0.06866879467319485,0,1
15,4,935,0.0685220669376351,4.0552957926273745e-05,0.06848151397970882,0,0
1450,13,465,0.06835451331149685,1.3250769878291338e-05,0.06834126254161856,0,1
153,26,981,0.06831873614314,7.557642516906056e-07,0.06831798037888831,0,1
793,10,824,0.06812884830427754,3.877380946644781e-07,0.06812846056618288,0,0
1467,9,535,0.06770034519776096,2.8634455474345628e-06,0.06769748175221352,0,0
80,7,986,0.06784396618347689,0.00026739229329312923,0.06757657389018376,0,0
1485,13,467,0.06771514791744625,0.00014677078969786123,0.06756837712774838,0,1
197,13,815,0.06759048692303034,4.093047913744265e-05,0.06754955644389289,0,1
1382,12,705,0.06752408886289722,2.2177321502024124e-06,0.06752187113074702,0,0
909,10,968,0.06730588833450571,4.737151839741366e-06,0.06730115118266597,0,0
1046,11,658,0.06728010430953407,1.0888853537327664e-07,0.0672799954209987,0,0
1521,8,1081,0.06721075767936044,4.227422679434295e-06,0.06720653025668101,0,1
1182,26,305,0.06702638822649155,1.0849300671207227e-05,0.06701553892582035,0,1
1493,8,509,0.06706608922285259,0.00014318161507585143,0.06692290760777674,0,1
179,13,751,0.07455424124580866,0.00809013943800806,0.0664641018078006,0,1
967,13,20,0.06643625111434111,9.122563002501978e-07,0.06643533885804086,0,1
501,13,625,0.06637366916692837,2.4809516133757155e-05,0.06634885965079461,0,1
755,9,18,0.06633411773117123,3.8052906152194507e-06,0.06633031244055601,0,0
636,13,723,0.06634902388434563,4.5115120160617565e-05,0.06630390876418502,0,1
1226,13,1027,0.06639678639221286,9.742622662527044e-05,0.06629936016558759,0,1
1339,29,896,0.066455993894817,0.000516776510722525,0.06593921738409447,0,0
254,8,707,0.06593218228589137,6.133694697630229e-09,0.06593217615219668,0,1
214,8,737,0.06586673004006591,3.483629069131836e-07,0.065866381677159,0,1
787,13,603,0.06584525314209715,3.4682794345062516e-05,0.06581057034775209,0,1
962,29,448,0.06579466675419854,1.048802607257824e-06,0.06579361795159128,0,0
1408,13,1025,0.06577673240557623,2.2791864851303195e-06,0.0657744532190911,0,1
337,8,672,0.06542251603007646,1.6653988283907852e-07,0.06542234949019361,0,1
1574,30,423,0.06542410204670891,5.75035783469299e-05,0.06536659846836199,0,1
276,13,679,0.06537230146585098,2.4535377398645532e-05,0.06534776608845233,0,1
1,8,276,0.06534758497794309,3.0305686467367123e-09,0.06534758194737444,0,1
1070,13,480,0.0653428176591123,4.36501838412885e-06,0.06533845264072817,0,1
9,13,885,0.06499798219082481,2.0047166896621947e-07,0.06499778171915585,0,1
1485,29,896,0.06498345706294362,6.905867359390701e-06,0.06497655119558422,0,0
879,12,572,0.06485738891604455,5.874124278574535e-05,0.0647986476732588,0,0
1276,9,705,0.06474360868099996,5.653748268524017e-07,0.0647430433061731,0,0
607,7,392,0.06445997159624293,4.6924414754126966e-09,0.06445996690380146,0,0
570,9,635,0.06438627038130522,5.968402721014823e-07,0.06438567354103311,0,0
214,13,144,0.06435929872923356,2.6879507533378333e-08,0.06435927184972602,0,1
519,26,660,0.06429225081859251,2.8619143271598796e-06,0.06428938890426535,0,1
1093,12,526,0.06419246678951879,1.9887010024850834e-05,0.06417257977949394,0,0
1398,29,985,0.06413474528981652,1.720022842394372e-06,0.06413302526697413,0,0
1202,9,705,0.06387513396977265,8.114279953015279e-07,0.06387432254177736,0,0
1418,26,1072,0.06396216203060416,0.00026292744615739156,0.06369923458444678,0,1
42,9,691,0.063692319471099,6.927935967038194e-05,0.06362304011142862,0,0
1114,13,556,0.06356914470677377,1.4463187889388212e-06,0.06356769838798483,0,1
748,7,17,0.06351092714736317,1.1499186722199764e-05,0.06349942796064097,0,0
1142,29,800,0.06351637238385185,2.295702261645003e-05,0.0634934153612354,0,0
1543,8,581,0.06544109639511922,0.0021077921781859662,0.06333330421693326,0,1
1385,13,25,0.06289169357225437,2.435050521889234e-07,0.06289145006720218,0,1
1046,13,1031,0.06245864732389373,4.039932042188718e-06,0.06245460739185154,0,1
314,13,942,0.0661053064064671,0.003674651464158838,0.06243065494230826,0,1
748,8,11,0.06278609754798031,0.0003954015138473441,0.06239069603413297,0,1
7,29,696,0.061980022293047145,6.3445575754143e-07,0.0619793878372896,0,0
276,8,759,0.06193346964388019,6.7648846433141684e-06,0.061926704759236874,0,1
131,30,510,0.06192266906535028,3.6811609437514295e-06,0.06191898790440653,0,1
650,8,754,0.06230319078564123,0.00039107627609476074,0.061912114509546465,0,1
379,13,485,0.06176436914388089,1.6621712601469314e-08,0.06176435252216829,0,1
254,13,995,0.061747379491867656,4.220446128221227e-08,0.061747337287406376,0,1
483,13,1059,0.0625808898792295,0.0008809850311870968,0.0616999048480424,0,1
9,13,681,0.06160783513552133,3.855762580355691e-07,0.0616074495592633,0,1
998,26,942,0.06145151271433154,3.6344946181502484e-07,0.06145114926486972,0,1
483,4,591,0.08488348754367916,0.023457179665226972,0.06142630787845219,0,0
385,13,1032,0.06114258539246039,3.3476878375865946e-07,0.06114225062367663,0,1
153,13,1021,0.06102702731947753,1.8210676551931818e-05,0.0610088166429256,0,1
1574,13,891,0.06081412490261886,3.6247629010599785e-05,0.06077787727360826,0,1
189,11,759,0.06076064776352376,6.077783536017306e-08,0.0607605869856884,0,0
648,8,100,0.060683564719398266,4.118305458366085e-09,0.060683560601092805,0,1
1091,13,422,0.06067059794709829,1.5667933031415461e-06,0.06066903115379515,0,1
1309,26,519,0.06062775532405228,9.546945673322133e-07,0.06062680062948495,0,1
735,5,934,0.06025242484910273,3.5140114307888125e-05,0.060217284734794846,0,0
1,12,109,0.06014836042759197,9.156208831019175e-09,0.060148351271383134,0,0
1270,8,83,0.060125306215091046,1.717864927620746e-08,0.06012528903644177,0,1
231,28,674,0.06014048459106521,2.750670745095616e-05,0.060112977883614256,0,0
1521,13,413,0.06010149778213659,9.78586471879328e-07,0.06010051919566471,0,1
1506,13,1045,0.06468382839887928,0.004632752241745558,0.06005107615713372,0,1
1168,13,408,0.06004335910436299,8.683371051600436e-08,0.060043272270652474,0,1
634,29,1040,0.05994553910268732,3.0481613921251405e-09,0.05994553605452593,0,0
1031,13,483,0.05972105170666769,5.613772638687516e-06,0.059715437934028996,0,1
329,8,884,0.05960653315189414,2.2746216022211475e-07,0.059606305689733914,0,1
427,13,667,0.06067224698855355,0.0011376913999073918,0.059534555588646156,0,1
1146,13,1033,0.05952272776183028,2.8344670306444154e-07,0.05952244431512721,0,1
432,13,705,0.05938638516760565,5.441807360431486e-06,0.05938094336024522,0,1
1368,13,679,0.0590989964382821,1.398109295886458e-07,0.05909885662735251,0,1
462,8,583,0.05905325226856738,1.9419208049483116e-08,0.05905323284935933,0,1
1387,26,634,0.06227629120790516,0.003247035070462679,0.05902925613744248,0,1
844,13,891,0.05893868709565965,7.33599976893056e-07,0.05893795349568276,0,1
46,8,1059,0.05892876598293163,1.4346536515744754e-05,0.058914419446415886,0,1
1216,29,873,0.05871315107324696,7.445471969009394e-08,0.058713076618527274,0,0
189,9,287,0.058567273516695495,1.147694431363034e-06,0.058566125822264135,0,0
257,8,513,0.05873575561409954,0.00041768548008668427,0.058318070134012856,0,1
795,29,643,0.05824121465185092,2.671735047053657e-07,0.05824094747834622,0,0
561,8,1000,0.058136507034385415,1.0135709254061439e-05,0.058126371325131355,0,1
1340,8,383,0.05803977328858983,9.767873540265993e-08,0.05803967560985442,0,1
570,9,788,0.0581520295714889,0.0001714357044311867,0.057980593867057714,0,0
1314,8,727,0.05786456928991009,8.285472668602415e-06,0.057856283817241484,0,1
1471,8,63,0.05785471797504057,1.657681342410309e-06,0.05785306029369816,0,1
300,4,803,0.05739224031466471,2.2500854160643627e-08,0.05739221781381055,0,0
189,11,910,0.05737923577054465,7.153075876220175e-08,0.05737916423978589,0,0
1216,29,448,0.057302290160678226,1.892350409897774e-07,0.057302100925637235,0,0
153,26,854,0.05726846688859569,3.9830396274314937e-07,0.057268068584632945,0,1
1025,28,459,0.057245125283942946,2.730523831099928e-05,0.057217820045631945,0,0
1407,13,586,0.060393289602572765,0.003456226928413754,0.05693706267415901,0,1
14,13,1007,0.0568457472877762,1.751439299584225e-06,0.05684399584847662,0,1
1298,13,1029,0.05672167504180066,6.112342881252776e-07,0.05672106380751253,0,1
1386,13,139,0.05631191489529357,4.1982728534905536e-07,0.05631149506800823,0,1
8,13,586,0.05712433914872895,0.0008779488557876358,0.05624639029294131,1,1
1537,8,682,0.05621638981434697,9.902070236064612e-07,0.056215399607323364,0,1
1471,10,732,0.056125911625502865,6.708039273738711e-06,0.05611920358622913,0,0
328,30,998,0.05609021112176306,1.1374039371902661e-06,0.05608907371782587,0,1
1182,12,705,0.23376266471263776,0.1776786384522751,0.05608402626036266,0,0
1026,30,672,0.055898764688413774,3.622455087274218e-08,0.0558987284638629,0,1
333,8,84,0.05567976966228532,2.789320649636062e-09,0.05567976687296467,0,1
1441,8,656,0.05561474280528321,1.5180680113114072e-06,0.0556132247372719,0,1
1524,13,886,0.05565064807687636,0.00010240161201188652,0.055548246464864476,0,1
189,28,743,0.055524084906591185,1.8277071278057117e-07,0.055523902135878406,0,0
962,29,1040,0.05545084976735802,4.325728148505705e-07,0.05545041719454317,0,0
