customer_id,qty_sum,qty_mean,spend_sum,spend_mean,avg_other_discount,avg_coupon_discount,days_since_last_purchase,num_transactions
1,1227,1.1708015267175573,98513.93,94.00184160305344,-16.250381679389314,-2.0198759541984734,3,1048
2,474,1.1312649164677804,43100.03,102.86403341288782,-16.830429594272076,-0.5950835322195703,7,419
3,8163,11.578723404255319,73050.27,103.61740425531916,-22.714226950354607,-3.09154609929078,17,705
4,280,1.2727272727272727,33973.22,154.4237272727273,-13.305409090909091,-0.4047727272727273,53,220
5,93353,117.8699494949495,103615.1,130.82714646464646,-13.657916666666667,-0.11468434343434343,4,792
6,707,1.2126929674099485,59508.22,102.07241852487135,-12.001938250428816,-0.702607204116638,15,583
7,57763,54.85565052231719,107477.03,102.06745489078823,-17.803798670465337,-0.7458974358974358,8,1053
8,1334454,1012.4840667678301,299482.15,227.22469650986343,-23.528945371775414,-5.01160091047041,0,1318
9,117820,211.52603231597845,57275.869999999995,102.82921005385995,-21.101885098743267,-0.8083123877917414,0,557
10,81165,165.30549898167007,50960.3,103.7887983706721,-11.479551934826883,0.0,5,491
11,280268,454.2431118314425,122397.23,198.37476499189626,-25.68517017828201,-4.416418152350081,7,617
12,113464,117.70124481327801,135164.71,140.21235477178422,-19.009014522821577,-1.2396576763485476,11,964
13,305729,123.72683124241198,204036.51,82.57244435451234,-20.642063941724,-0.11387697288547147,0,2471
14,337465,271.274115755627,164169.36,131.9689389067524,-13.92651125401929,-0.4581189710610932,1,1244
15,276922,334.44685990338166,115717.55,139.75549516908214,-16.724106280193237,-1.578792270531401,6,828
16,167098,314.093984962406,86689.81,162.95077067669172,-12.87375939849624,0.0,6,532
17,14675,25.655594405594407,69534.03,121.56298951048952,-18.34984265734266,-1.860716783216783,6,572
18,660,1.2966601178781925,43962.13,86.36960707269155,-12.387779960707269,0.0,0,509
19,1668,1.199137311286844,129142.27,92.84131560028757,-7.127800143781452,-0.06529115744069014,1,1391
20,32574,86.40318302387269,47445.86,125.8510875331565,-14.553236074270556,0.0,1,377
21,544,1.4203655352480418,38468.35,100.43955613577023,-21.156788511749347,-0.3524804177545692,34,383
22,172180,405.1294117647059,65377.07,153.8284,-32.49235294117647,-9.954070588235293,11,425
23,263855,442.7097315436242,80468.68,135.01456375838924,-14.292902684563758,-0.21216442953020132,5,596
24,9500,14.705882352941176,80390.17,124.44298761609907,-16.636486068111456,-0.01930340557275542,2,646
25,59291,302.5051020408163,63523.92,324.1016326530612,-71.05632653061225,-0.45433673469387753,17,196
26,223,2.0272727272727273,20668.77,187.89790909090908,-15.32,-0.8095454545454546,12,110
27,12974,11.146048109965635,116914.45999999999,100.44197594501718,-15.462603092783507,-0.32865979381443294,3,1164
28,794691,387.0876765708719,272161.88,132.56789089137848,-10.915723331709692,-0.11277155382367267,2,2053
29,817,1.5561904761904761,54055.62,102.96308571428573,-20.621885714285714,0.0,3,525
30,817,1.4563279857397504,45807.99,81.65417112299465,-20.45174688057041,-0.7936541889483066,1,561
31,42933,141.69306930693068,26903.09,88.78907590759076,-8.187788778877888,-0.717062706270627,1,303
32,267,1.259433962264151,26010.260000000002,122.68990566037736,-9.099764150943397,-0.3360377358490566,41,212
33,82125,80.5937193326791,150993.67,148.17828263002946,-28.338429833169776,-0.2097350343473994,1,1019
34,471,1.236220472440945,49386.86,129.62430446194224,-17.363989501312336,0.0,2,381
35,41456,173.4560669456067,28304.97,118.43083682008368,-18.059163179916318,-0.8197071129707113,16,239
36,332354,332.354,136432.45,136.43245000000002,-25.30933,-0.42174,6,1000
37,745,1.4030131826741996,56687.09,106.7553483992467,-10.445084745762712,-0.03689265536723164,12,531
38,82922,82.1009900990099,119924.02,118.73665346534654,-12.569564356435643,-0.035267326732673264,13,1010
39,249,1.1266968325791855,23690.25,107.19570135746606,-18.43371040723982,0.0,8,221
40,9896,7.412734082397003,139668.87,104.62087640449438,-15.12732584269663,-0.6358277153558052,2,1335
41,93037,196.6955602536998,63603.67,134.46864693446088,-19.139767441860467,-0.2891754756871036,1,473
42,978452,585.5487731897067,249799.51,149.49102932375823,-18.58423698384201,-0.8430580490724118,1,1671
43,799,1.3013029315960911,55499.06,90.38934853420196,-12.477263843648208,-0.06091205211726384,1,614
44,335,1.1591695501730104,43912.09,151.9449480968858,-12.618512110726643,0.0,0,289
45,146323,109.35949177877428,165138.16999999998,123.42165171898354,-28.436255605381167,-3.8289760837070252,0,1338
46,112186,100.97749774977498,99003.14,89.11173717371737,-18.277704770477047,-0.8672457245724572,6,1111
47,1656,1.401015228426396,124628.16,105.43837563451777,-19.231979695431473,-0.022597292724196274,0,1182
48,12143,31.54025974025974,90185.1,234.247012987013,-27.699168831168834,-3.215038961038961,20,385
49,119023,73.470987654321,149931.42,92.55025925925926,-13.342981481481482,-0.24164197530864195,17,1620
50,215806,357.8872305140962,85868.68,142.4024543946932,-11.876235489220564,0.0,34,603
51,894,1.573943661971831,42836.63,75.41660211267605,-27.8625176056338,-1.1444718309859154,48,568
52,1625,1.186131386861314,129154.73,94.27352554744525,-16.752627737226277,-0.429,13,1370
53,842,1.6223506743737957,49054.86,94.51803468208092,-14.210211946050094,0.0,2,519
54,136032,184.3252032520325,84473.35,114.46253387533876,-19.19018970189702,-1.0135772357723578,1,738
55,95599,182.09333333333333,50035.74,95.30617142857143,-25.746,-1.1846285714285714,0,525
56,2210,1.4406779661016949,145522.88999999998,94.86498696219034,-18.993357235984355,-0.057816166883963495,5,1534
57,41978,169.95141700404858,30520.24,123.56372469635629,-15.175141700404858,0.0,1,247
58,132391,121.23717948717949,108824.16,99.65582417582418,-19.134395604395603,-0.09948717948717949,1,1092
59,15873,23.977341389728096,89928.53,135.8437009063444,-17.816419939577038,-0.1345166163141994,2,662
60,154664,46.47355769230769,274081.02,82.35607572115386,-14.417515024038462,-0.6370492788461538,0,3328
61,145166,311.51502145922746,58985.15,126.57757510729614,-13.707682403433475,0.0,0,466
62,10562,38.12996389891697,21565.239999999998,77.85285198555955,-20.907545126353792,0.0,5,277
63,23158,20.53014184397163,111858.23,99.16509751773049,-17.488324468085104,-2.3597960992907803,5,1128
64,272807,249.13881278538813,126067.06999999999,115.12974429223743,-33.53009132420091,-1.1014520547945206,4,1095
65,270,1.148936170212766,28416.31,120.92046808510639,-14.128127659574469,0.0,144,235
66,242525,228.79716981132074,116718.79,110.11206603773584,-19.644,-0.011764150943396227,0,1060
67,537,1.2121896162528216,27293.07,61.6096388261851,-11.19022573363431,0.0,14,443
68,49836,30.896466212027278,142380.49,88.27060756354618,-13.485765654060756,-0.3466955982641042,1,1613
69,204355,357.263986013986,120189.38,210.12129370629373,-71.10045454545454,-2.6683916083916084,7,572
70,176,1.1891891891891893,11527.0,77.88513513513513,-14.842432432432432,0.0,29,148
71,17945,19.131130063965884,81141.98,86.50530916844349,-22.625650319829425,-1.4126226012793177,4,938
72,1762,1.2630824372759857,92774.75,66.50519713261649,-18.462688172043013,-0.19151971326164877,0,1395
73,54265,97.24910394265233,61544.9,110.29551971326165,-15.127455197132617,-0.09575268817204301,14,558
74,866,1.0934343434343434,72398.46,91.41219696969698,-12.80175505050505,0.0,6,792
75,132458,168.09390862944161,70795.76,89.8423350253807,-15.296649746192895,-0.033895939086294416,5,788
76,36989,86.62529274004685,40128.5,93.97775175644028,-20.087119437939112,-0.9375878220140516,0,427
77,115549,735.9808917197453,30795.87,196.1520382165605,-12.45095541401274,-0.22687898089171973,17,157
78,877479,331.37424471299096,355838.02,134.37991691842902,-18.153916163141993,-0.5367107250755287,1,2648
79,67654,96.78683834048641,73562.7,105.23991416309012,-14.404377682403434,-0.0509585121602289,3,699
80,550002,327.38214285714287,288774.74,171.88972619047618,-20.007517857142854,-1.3115714285714286,0,1680
81,189,1.1962025316455696,14782.199999999999,93.55822784810125,-25.745506329113923,-1.9951898734177216,3,158
82,26002,34.39417989417989,56089.05,74.19186507936509,-14.024589947089947,-0.4852777777777778,7,756
83,167657,203.22060606060606,96272.85,116.69436363636365,-11.669369696969696,0.0,13,825
84,416,1.0612244897959184,45493.74,116.05545918367346,-9.630892857142857,-0.5442857142857144,11,392
85,748,1.2343234323432344,52120.67,86.00770627062705,-15.161287128712871,-0.2057260726072607,12,606
86,778,1.446096654275093,55465.83,103.09633828996283,-26.03059479553903,-0.14895910780669144,11,538
87,107542,169.62460567823345,64310.58,101.43624605678234,-18.20250788643533,-0.056182965299684536,2,634
88,742213,477.92208628461043,221869.4,142.86503541532517,-27.759137153895686,-1.8153831294269156,4,1553
89,211034,315.9191616766467,77204.99,115.57633233532935,-26.041407185628742,-2.234176646706587,5,668
90,131204,112.04440649017933,143086.43,122.19165670367207,-19.718864218616567,-0.48060631938514087,2,1171
91,11958,21.127208480565372,55275.44,97.65978798586573,-14.672579505300353,0.0,5,566
92,831,1.5303867403314917,69484.94,127.96489871086557,-28.492744014732963,-0.8724677716390423,7,543
93,40557,40.63827655310621,125331.78,125.58294589178357,-28.232825651302605,-0.46398797595190383,6,998
94,1008,1.1900826446280992,68934.95,81.38719008264462,-15.611263282172374,-0.1051357733175915,4,847
95,328,1.2567049808429118,26423.46,101.23931034482759,-24.667394636015324,-1.6035632183908044,101,261
96,750,1.4285714285714286,61285.68,116.73462857142857,-25.076438095238093,-0.6276,1,525
97,78455,158.17540322580646,57904.38,116.74270161290322,-16.813870967741938,-1.366592741935484,0,496
98,747,1.348375451263538,49859.22,89.99859205776174,-17.896588447653432,-0.10866425992779784,5,554
99,945,1.4858490566037736,61057.33,96.00209119496856,-15.579968553459121,0.0,1,636
100,309246,161.31768388106417,187360.59,97.73635367762128,-18.094997391757957,-1.1064945226917058,21,1917
101,693,1.474468085106383,58814.05,125.13627659574469,-22.786063829787235,0.0,10,470
102,347,1.3094339622641509,30293.6,114.3154716981132,-26.91667924528302,-0.4704528301886792,11,265
103,980066,564.8795389048992,268786.21,154.92000576368878,-14.156086455331414,0.0,2,1735
104,55763,218.67843137254903,27082.84,106.20721568627451,-20.47345098039216,-1.4456862745098038,7,255
105,15509,32.17634854771784,53068.909999999996,110.10147302904564,-16.433755186721992,-0.25126556016597507,4,482
106,311200,236.4741641337386,131128.16,99.64145896656535,-12.507484802431609,-0.31775075987841944,0,1316
107,15815,26.402337228714526,64167.18,107.12383973288814,-15.215425709515857,-0.014858096828046745,2,599
108,310,1.1610486891385767,45588.1,170.74194756554306,-22.386029962546814,-11.959999999999999,0,267
109,18744,86.3778801843318,21374.05,98.4979262672811,-13.295760368663593,0.0,4,217
110,100898,115.70871559633028,95505.55,109.5247133027523,-19.0240252293578,-0.04084862385321101,0,872
111,637,1.186219739292365,66577.25,123.97998137802607,-11.669702048417133,0.0,3,537
112,60151,57.28666666666667,89215.45999999999,84.96710476190475,-19.396914285714285,-0.2730857142857143,3,1050
113,240433,522.6804347826087,57509.01,125.01958695652175,-31.76678260869565,-1.0213260869565217,6,460
114,569,1.3946078431372548,53230.77,130.46757352941177,-12.678161764705882,0.0,7,408
115,210,1.4583333333333333,18102.05,125.70868055555555,-28.18673611111111,0.0,27,144
116,2353,5.421658986175115,55657.13,128.24223502304147,-20.896013824884793,0.0,20,434
117,141493,434.0276073619632,38849.88,119.17141104294478,-20.732668711656444,-0.5463190184049079,1,326
118,537,1.3065693430656935,40275.31,97.99345498783454,-10.768199513381994,-0.1733333333333333,6,411
119,371356,459.5990099009901,136622.27,169.08696782178217,-19.262066831683168,-0.350470297029703,7,808
120,73183,192.08136482939634,39178.97,102.83194225721785,-27.083175853018375,-0.4674540682414698,13,381
121,214,1.0918367346938775,12450.2,63.52142857142857,-13.193724489795917,-0.726938775510204,6,196
122,670,1.509009009009009,47280.68,106.48801801801802,-25.363198198198198,0.0,167,444
123,965,1.238767650834403,86336.72,110.83019255455713,-16.183478818998715,-0.4938382541720154,4,779
124,630593,971.6379044684129,131255.88999999998,202.243281972265,-22.323682588597844,-0.164653312788906,0,649
125,21072,65.44099378881988,35986.85,111.76040372670808,-17.023291925465838,0.0,3,322
126,270319,299.68847006651885,99384.9,110.18281596452327,-24.492372505543237,0.0,14,902
127,31088,24.8704,101576.54,81.26123199999999,-18.123632,-0.270152,3,1250
128,2804,1.2562724014336917,195935.43,87.78469086021505,-16.61150089605735,-0.2711379928315412,5,2232
129,202,1.3116883116883118,16183.07,105.08487012987013,-14.521428571428572,0.0,1,154
130,10126,23.38568129330254,50741.14,117.18508083140877,-14.11295612009238,0.0,1,433
131,163008,218.8026845637584,87691.42,117.70660402684564,-25.34738255033557,-4.893046979865772,1,745
132,209848,237.92290249433105,133723.79,151.61427437641726,-24.77952380952381,-3.691224489795918,1,882
133,875,1.1246786632390746,64919.33,83.44386889460155,-18.47245501285347,-0.16253213367609254,5,778
134,859,1.6299810246679316,50597.8,96.01100569259962,-13.512485768500948,0.0,1,527
135,26592,34.8519003931848,72757.68,95.35737876802096,-13.773053735255571,-0.25629095674967234,4,763
136,796,1.1637426900584795,61904.67,90.50390350877193,-16.999824561403507,-0.08071637426900585,0,684
137,28375,66.14219114219114,30753.03,71.6853846153846,-13.412447552447551,-0.5812121212121212,5,429
138,588,1.5038363171355498,49389.04,126.31468030690537,-12.491713554987212,-0.08199488491048594,2,391
139,144197,356.9232673267327,49842.84,123.37336633663365,-28.316212871287128,-0.864059405940594,3,404
140,684172,560.3374283374284,210845.92,172.68298116298118,-16.11185913185913,-0.08751842751842752,5,1221
141,95832,55.5225955967555,221755.13999999998,128.47922363847044,-14.19024333719583,-0.04808227114716107,2,1726
142,201986,334.4139072847682,66022.28,109.30841059602649,-17.96562913907285,-0.22410596026490068,5,604
143,32298,48.2780269058296,53303.56,79.67647234678624,-17.961390134529147,-0.09584454409566517,0,669
144,198921,137.85239085239084,136875.21,94.85461538461539,-9.515446985446985,-0.037027027027027024,4,1443
145,23588,44.58979206049149,68574.81,129.63102079395085,-18.46962192816635,0.0,9,529
146,44214,138.16875,31990.91,99.97159375,-20.7340625,0.0,145,320
147,8295,9.957983193277311,31401.03,37.69631452581032,-18.072460984393757,-0.05773109243697479,6,833
148,83771,179.76609442060087,68835.56999999999,147.71581545064376,-30.785214592274677,-0.5350643776824033,0,466
149,137006,124.66424021838034,94410.61,85.90592356687898,-18.195459508644223,-0.07292083712465879,1,1099
150,437063,161.1589233038348,315795.35,116.44371312684365,-18.797252949852506,-0.5492662241887906,4,2712
151,355832,210.17838157117544,275241.17,162.5760011813349,-13.822740696987596,-0.14096278795038394,6,1693
152,557,1.3651960784313726,39125.96,95.89696078431372,-25.227205882352944,-0.873014705882353,15,408
153,1501,1.0996336996336997,80766.03,59.16925274725275,-10.91858608058608,-1.8454212454212455,2,1365
154,1328,1.3293293293293293,105400.48,105.50598598598599,-13.057387387387386,-0.2246246246246246,5,999
155,475721,432.0808356039964,161066.99,146.29154405086285,-15.212316076294277,-0.24586739327883742,0,1101
156,79457,443.89385474860336,23010.86,128.5522905027933,-26.541843575418994,0.0,5,179
157,3764,17.923809523809524,20005.5,95.26428571428572,-14.916333333333332,0.0,3,210
158,1889,1.4862313139260426,124839.72,98.22165224232887,-37.96639653815893,-2.7570180959874118,7,1271
159,17473,39.983981693363845,42717.76,97.75231121281465,-11.930137299771168,-3.8309839816933637,1,437
160,7856,16.64406779661017,50023.43,105.98184322033899,-21.102372881355933,-0.03773305084745762,0,472
161,67433,23.59447165850245,239025.65,83.63388733379986,-21.390395381385584,-0.8012421273617913,2,2858
162,112798,56.0347739692002,240990.04,119.71686040735221,-12.784848484848485,-1.0896472925981122,6,2013
163,15538,24.8608,51964.77,83.143632,-15.821952,-0.03704,7,625
164,37928,37.552475247524754,61053.42,60.44893069306931,-13.691168316831684,-1.8614059405940593,2,1010
165,132906,626.9150943396227,37663.75,177.65919811320754,-15.509811320754716,-0.1680188679245283,13,212
166,1459,1.3015165031222122,114050.34,101.73982158786797,-17.06849241748439,-0.2955129348795718,29,1121
167,1280,1.1657559198542806,102336.6,93.20273224043716,-12.9982058287796,-0.2621220400728598,0,1098
168,26285,49.876660341555976,50553.33,95.92662239089185,-20.751081593927893,0.0,8,527
169,4259,9.023305084745763,46793.53,99.13883474576271,-20.43421610169492,-0.04150423728813559,13,472
170,43958,82.7834274952919,58969.08,111.0528813559322,-15.734952919020715,-0.13348399246704332,1,531
171,196,1.6333333333333333,16697.29,139.14408333333333,-14.144083333333333,0.0,12,120
172,493,1.1682464454976302,46858.92,111.04009478672985,-11.198341232227488,0.0,0,422
173,139153,134.70764762826718,115906.83,112.20409486931268,-18.15975798644724,-0.010348499515972893,0,1033
174,203528,205.16935483870967,120719.92,121.69346774193548,-19.422953629032257,-0.035907258064516126,3,992
175,533,1.3063725490196079,49327.45,120.90061274509803,-22.08754901960784,0.0,0,408
176,102895,334.0746753246753,36973.729999999996,120.0445779220779,-21.973084415584417,-1.3242207792207792,25,308
177,78531,283.5054151624549,39565.89,142.83714801444043,-25.44205776173285,0.0,13,277
178,5485,19.659498207885303,28367.55,101.6758064516129,-25.199569892473118,-0.9702867383512546,2,279
179,110589,151.28454172366622,90692.24,124.06599179206567,-14.779083447332422,-1.6172229822161424,16,731
180,837,1.1673640167364017,82711.18,115.35729428172942,-17.18799163179916,-0.4307252440725244,13,717
181,142095,181.01273885350318,78399.1,99.87146496815288,-17.525987261146497,-0.2427515923566879,7,785
182,300,2.0408163265306123,24844.93,169.0131292517007,-17.053809523809523,0.0,81,147
183,75375,118.32810047095761,65245.35,102.42598116169545,-13.51260596546311,-0.041930926216640504,6,637
184,187350,355.50284629981024,69652.64,132.1681973434535,-13.013833017077799,0.0,3,527
185,487553,549.6651634723788,124495.05,140.35518602029313,-13.357294250281848,0.0,2,887
186,2275,1.5227576974564927,116378.28,77.89710843373494,-13.817751004016065,-0.023842034805890224,0,1494
187,792,1.6032388663967612,46303.04,93.73085020242915,-18.080121457489877,-0.036052631578947364,15,494
188,1047,1.2941903584672436,89118.26,110.15854140914709,-16.884820766378244,-0.04402966625463535,8,809
189,15973,11.625181950509461,119287.65,86.81779475982532,-23.447678311499274,-0.9617903930131004,0,1374
190,487,1.1965601965601966,37757.659999999996,92.77066339066339,-13.464398034398036,-0.21879606879606878,5,407
191,1398,1.3276353276353277,117618.63,111.69860398860399,-15.85386514719848,-0.05243114909781576,5,1053
192,1719,1.2393655371304975,150480.25,108.49333093006489,-19.401117519826965,-0.09759192501802451,6,1387
193,10882,29.570652173913043,46107.049999999996,125.29089673913042,-15.13266304347826,0.0,2,368
194,58266,65.10167597765363,92324.43,103.1557877094972,-28.989307262569834,-0.65668156424581,0,895
195,426975,232.30413492927096,197701.15,107.56319368879217,-21.297785636561482,-0.09689880304678998,0,1838
196,153915,253.9851485148515,93926.03,154.99344884488448,-25.384158415841583,-1.6663531353135312,8,606
197,192024,197.55555555555554,90740.26,93.35417695473251,-30.3217695473251,-3.2677057613168725,1,972
198,46993,73.65673981191223,59947.93,93.96227272727273,-16.483902821316615,0.0,0,638
199,48442,149.51234567901236,42613.24,131.52234567901235,-12.69324074074074,0.0,3,324
200,666,1.1808510638297873,65816.32,116.69560283687944,-16.058439716312055,-3.0680673758865247,10,564
201,1018,1.4277699859747546,58881.7,82.58302945301543,-11.3128190743338,0.0,2,713
202,1593,1.4534671532846715,130221.89,118.81559306569343,-17.38,-0.8878832116788321,9,1096
203,16518,55.06,31253.47,104.17823333333334,-12.589233333333333,-0.41556666666666664,18,300
204,205683,231.3644544431946,88554.86,99.61176602924634,-18.502643419572554,-0.12220472440944882,31,889
205,1351,1.3927835051546391,117461.66,121.09449484536083,-17.795659793814433,-2.2120824742268037,4,970
206,12618,22.372340425531913,57491.22,101.93478723404256,-13.795141843971631,-0.06315602836879432,25,564
207,475769,312.80013149243916,212915.63,139.98397764628535,-12.628757396449704,-0.5105193951347797,2,1521
208,298079,105.40275813295615,372510.2,131.72213578500708,-13.66139674681754,-0.08816831683168316,0,2828
209,719,1.0715350223546944,51930.93,77.39333830104322,-5.843532041728762,0.0,3,671
210,68133,126.87709497206704,41623.75,77.51163873370577,-9.059553072625699,-0.1193854748603352,0,537
211,377,1.3512544802867383,30619.17,109.74612903225805,-11.797885304659498,-0.07021505376344087,1,279
212,1463,1.3854166666666667,97225.12,92.06924242424242,-17.872339015151514,-0.1180587121212121,5,1056
213,457,1.4600638977635783,24636.05,78.70942492012779,-22.097891373801918,0.0,104,313
214,40633,31.42536736272235,119616.53,92.51085073472544,-25.382420726991494,-1.4501469450889404,4,1293
215,671,1.4096638655462186,62150.22,130.56768907563026,-9.935420168067226,0.0,22,476
216,91992,209.07272727272726,54730.28,124.387,-13.322818181818182,-0.32381818181818184,18,440
217,31030,132.60683760683762,24970.15,106.71004273504275,-31.614786324786323,-2.9150427350427353,3,234
218,455,1.2926136363636365,28454.89,80.83775568181818,-11.653238636363636,0.0,0,352
219,762,1.3905109489051095,40161.28,73.28700729927007,-23.169671532846714,-0.3997262773722628,0,548
220,585,1.4233576642335766,41995.82,102.1796107055961,-19.220851581508516,-0.20627737226277373,7,411
221,281,1.2772727272727273,29799.94,135.45427272727272,-15.999818181818181,-0.21045454545454545,40,220
222,1605,1.1247372109320253,103514.91,72.54023125437982,-20.982571829011913,-0.21341976173791172,4,1427
223,1031,1.5365126676602086,72191.95,107.58859910581222,-19.455067064083458,0.0,2,671
224,634,1.4026548672566372,36081.42,79.82615044247787,-15.510951327433627,0.0,6,452
225,285242,851.4686567164179,62607.59,186.88832835820895,-9.712089552238805,0.0,2,335
226,50889,39.35730858468678,169691.76,131.23879350348028,-26.721701469450885,-0.33443155452436196,0,1293
227,697,1.3225806451612903,64779.18,122.92064516129032,-13.587476280834913,-0.13518026565464894,5,527
228,2446,1.2328629032258065,198526.58,100.0638004032258,-13.263820564516129,-1.1240725806451612,2,1984
229,98258,193.42125984251967,65771.72,129.47188976377953,-9.874370078740158,-0.31553149606299213,2,508
230,2765,1.2625570776255708,270279.6,123.41534246575341,-13.18993607305936,-0.15158447488584476,0,2190
231,2611,1.2178171641791045,157053.33,73.25248600746268,-14.563055037313433,-0.33210820895522386,2,2144
232,50247,81.5698051948052,62021.27,100.68387987012987,-11.183246753246753,-0.24170454545454542,1,616
233,11798,20.554006968641115,64825.89,112.9370905923345,-20.202630662020905,-0.24822299651567942,50,574
234,87457,101.93123543123544,129815.59,151.30022144522144,-18.731573426573426,-0.16812354312354313,8,858
235,1878,1.2845417236662107,150323.31,102.82032147742818,-33.12900820793433,-3.775861833105335,4,1462
236,45633,195.84978540772534,32140.19,137.9407296137339,-22.23579399141631,-0.1528755364806867,157,233
237,10448,49.51658767772512,19530.74,92.56274881516589,-12.53255924170616,0.0,20,211
238,318653,405.92738853503187,94181.4,119.97630573248406,-13.637503184713376,-0.27361783439490445,0,785
239,3998,1.2801793147614473,300864.52,96.33830291386488,-16.481226384886327,-0.1328690361831572,3,3123
240,103675,99.0210124164279,166310.93,158.84520534861508,-13.960735434574975,-0.5256064947468958,4,1047
241,1710,1.0919540229885059,105753.5,67.53097062579822,-8.207835249042144,0.0,9,1566
242,738,1.1789137380191694,54916.8,87.72651757188498,-16.341757188498402,0.0,2,626
243,136261,155.01820250284413,124293.39,141.40317406143345,-16.631023890784984,-0.7030602957906712,1,879
244,2115,1.181564245810056,157476.03,87.97543575418995,-17.09723463687151,-0.16416759776536313,3,1790
245,664,1.1628721541155866,61306.63,107.36712784588441,-15.683940455341506,-0.6393870402802101,2,571
246,136604,137.15261044176708,131071.24,131.59763052208837,-16.55855421686747,-0.4988855421686747,0,996
247,84580,159.58490566037736,72854.04,137.46045283018867,-18.56598113207547,0.0,2,530
248,113965,74.5356442119032,103411.69,67.63354480052323,-15.45962066710268,-0.7382603008502289,1,1529
249,1019,1.2533825338253382,107022.11,131.63851168511684,-14.12218942189422,-1.1347478474784747,5,813
250,315932,123.55572937035589,301613.37,117.9559522878373,-24.14785686351193,-0.9525459522878372,8,2557
251,11875,35.342261904761905,40214.86,119.68708333333333,-16.304583333333333,-0.2650297619047619,12,336
252,314,1.319327731092437,30372.32,127.61478991596638,-12.641806722689076,-0.26936974789915963,54,238
253,1865,1.0925600468658465,223709.02,131.05390743995312,-9.287750439367311,-0.007305213825424722,4,1707
254,1173,1.2269874476987448,83869.62,87.7297280334728,-18.874644351464436,-0.2880125523012552,9,956
255,314,1.1418181818181818,32682.89,118.84687272727273,-12.029054545454544,0.0,22,275
256,52230,175.26845637583892,32058.19,107.5778187919463,-13.145973154362416,-0.6095973154362416,1,298
257,306236,269.57394366197184,141965.78,124.96987676056338,-15.396769366197182,-0.794850352112676,0,1136
258,74880,145.68093385214007,47249.83,91.9257392996109,-18.424474708171207,-0.06928015564202335,6,514
259,573626,208.74308588064048,417211.56,151.82371179039302,-13.86944323144105,-0.2706477438136827,2,2748
260,116242,376.1877022653722,41376.63,133.90495145631067,-14.52220064724919,-0.3803883495145631,14,309
261,135,1.2272727272727273,15481.81,140.74372727272726,-39.93627272727272,-2.4416363636363636,6,110
262,103753,88.82962328767124,151774.83,129.94420376712327,-12.122739726027397,-0.016772260273972602,8,1168
263,485015,901.5148698884758,84191.97,156.49065055762082,-27.765929368029738,-0.06620817843866171,4,538
264,491,1.2336683417085428,57932.89,145.56002512562813,-18.847989949748744,-0.6935929648241206,16,398
265,83781,81.49902723735408,86444.51,84.08999027237354,-23.99413424124514,-2.78510700389105,2,1028
266,373,1.4401544401544402,19855.92,76.66378378378377,-30.8588416988417,-0.5625096525096525,1,259
267,158821,211.76133333333334,148325.43,197.76724,-28.024026666666668,-0.9066533333333333,5,750
268,8419,12.565671641791045,44157.45,65.90664179104478,-21.291716417910447,-1.0595373134328359,9,670
269,493921,564.4811428571429,133497.97,152.5691085714286,-13.977474285714285,-0.022388571428571428,2,875
270,57129,100.22631578947369,55328.58,97.06768421052632,-13.660526315789474,-0.13122807017543858,3,570
271,229247,189.46033057851238,148821.86,122.99327272727271,-15.028694214876033,-0.051512396694214875,6,1210
272,40674,147.3695652173913,45408.62,164.52398550724638,-38.45934782608696,-1.5228623188405794,41,276
273,716,1.2627865961199294,54607.7,96.30987654320987,-14.915008818342152,0.0,61,567
274,423998,430.8922764227642,129281.56,131.38369918699186,-27.046747967479675,-2.4433841463414634,4,984
275,1877,1.4861441013460015,120066.73,95.06471100554235,-23.020031670625496,-0.029612034837688043,3,1263
276,762921,625.3450819672131,174280.54,142.85290163934428,-18.6682868852459,-0.921155737704918,2,1220
277,1430,1.2976406533575318,84639.55,76.80539927404719,-14.593393829401089,-0.07272232304900182,0,1102
278,7619,47.918238993710695,14332.039999999999,90.13861635220125,-25.57056603773585,-0.9946540880503143,3,159
279,40269,62.9203125,75308.49,117.669515625,-11.696625000000001,-0.361765625,3,640
280,290,1.380952380952381,17867.22,85.08200000000001,-9.379761904761905,0.0,0,210
281,4641,4.5322265625,89707.2,87.6046875,-13.8971484375,0.0,1,1024
282,524,1.2535885167464116,49167.86,117.62645933014355,-15.57799043062201,0.0,18,418
283,124549,109.831569664903,148799.97,131.21690476190477,-19.96200176366843,-1.6283245149911816,15,1134
284,658,1.2007299270072993,57565.49,105.04651459854014,-17.04669708029197,-2.0149817518248176,6,548
285,127,1.2211538461538463,13666.25,131.40625,-7.065384615384615,0.0,199,104
286,639,1.392156862745098,48161.14,104.92623093681917,-11.048169934640523,-0.027167755991285403,5,459
287,79246,199.1105527638191,40664.96,102.17326633165828,-20.22434673366834,-0.764321608040201,2,398
288,847,1.7008032128514057,51459.82,103.3329718875502,-20.636666666666667,-1.1472489959839356,2,498
289,745,1.2094155844155845,78187.13,126.9271590909091,-18.250925324675325,-0.3527272727272727,0,616
290,11561,38.66555183946488,32259.59,107.89160535117057,-20.746454849498328,0.0,30,299
291,461,1.141089108910891,31021.399999999998,76.78564356435643,-13.232896039603961,0.0,3,404
292,24684,86.61052631578947,34954.62,122.64778947368421,-10.613368421052632,0.0,3,285
293,2716,1.5948326482677628,161593.07,94.8872988843218,-23.478749266001174,-0.5996594245449207,0,1703
294,19633,18.128347183748847,161631.17,149.2439242843952,-19.720415512465372,-0.47361957525392423,1,1083
295,31631,80.89769820971867,34415.54,88.01928388746803,-30.95910485933504,-3.1666240409207163,2,391
296,247,1.2167487684729064,27072.84,133.36374384236453,-12.171477832512315,-0.7193596059113301,8,203
297,37762,220.83040935672514,16035.32,93.77380116959064,-11.864678362573098,-0.9581286549707603,21,171
298,365,1.1477987421383649,31845.49,100.14305031446541,-17.659654088050313,-0.28003144654088047,0,318
299,381592,537.4535211267606,122041.91,171.89001408450704,-31.204549295774648,-1.4468732394366197,0,710
300,58996,74.67848101265822,73058.31,92.47887341772152,-30.711025316455697,-5.758189873417722,1,790
301,612,1.457142857142857,48782.89,116.14973809523809,-22.50166666666667,-0.25357142857142856,3,420
302,16065,15.812007874015748,109990.48,108.2583464566929,-13.073454724409448,-0.42946850393700786,0,1016
303,26534,16.86840432294978,166089.63999999998,105.587819453274,-15.921195168467897,-1.4283788938334392,5,1573
304,76536,162.84255319148937,58550.060000000005,124.57459574468086,-7.549553191489362,-0.056829787234042556,2,470
305,2147,1.196100278551532,226702.56,126.29669080779944,-18.932000000000002,-0.6459108635097492,2,1795
306,192454,339.42504409171073,74599.37,131.56855379188713,-23.844126984126987,0.0,0,567
307,467,1.20671834625323,32618.47,84.28545219638244,-16.862609819121445,-0.3957622739018088,27,387
308,536,1.2915662650602409,43887.25,105.75240963855421,-17.171325301204817,-0.06436144578313253,19,415
309,657,1.2732558139534884,42747.58,82.84414728682171,-15.374360465116279,-0.5039147286821705,12,516
310,207583,283.5833333333333,85736.49,117.1263524590164,-21.89405737704918,-0.5615437158469945,24,732
311,674,1.2645403377110693,49443.28,92.76412757973733,-15.887992495309566,-0.7518198874296435,50,533
312,3283,8.921195652173912,35545.05,96.5898097826087,-20.42703804347826,0.0,4,368
313,789,1.541015625,60004.55,117.19638671875,-33.05048828125,-0.80005859375,9,512
314,14511,24.064676616915424,57704.67,95.69597014925372,-15.708640132669982,-0.3987230514096186,2,603
315,508816,654.8468468468468,109066.11,140.36822393822393,-27.61068211068211,-1.1657786357786357,0,777
316,285516,319.72676371780517,109615.33,122.74952967525196,-16.76269876819709,-0.019944008958566628,3,893
317,1764,2.0950118764845604,93909.04,111.53092636579572,-40.14581947743468,-6.219893111638955,26,842
318,193117,281.5116618075802,102460.73,149.35966472303207,-15.462930029154519,0.0,1,686
319,400971,278.45208333333335,190821.91,132.51521527777777,-25.24075,-1.2278749999999998,6,1440
320,105087,107.67110655737704,106889.3,109.51772540983607,-14.675297131147541,-0.5382889344262295,3,976
321,793,1.4794776119402986,63361.26,118.21130597014925,-30.86554104477612,-0.2990485074626866,1,536
322,242,1.09009009009009,18858.23,84.94698198198198,-13.017162162162162,0.0,8,222
323,839,1.4148397976391232,51536.95,86.90885328836424,-16.719072512647553,-0.06006745362563237,51,593
324,7678,7.476144109055501,96991.74,94.44181110029211,-14.485822784810127,-0.09190847127555987,2,1027
325,35434,90.62404092071611,36542.409999999996,93.45884910485933,-21.584884910485936,-0.36347826086956525,11,391
326,271,1.266355140186916,26991.670000000002,126.12929906542057,-22.45556074766355,0.0,17,214
327,330652,183.08527131782947,174759.37,96.76598560354374,-13.071362126245848,-0.402547065337763,4,1806
328,191973,226.38325471698113,93290.45,110.01232311320754,-22.117853773584905,-0.567063679245283,2,848
329,10242,8.98421052631579,237981.84,208.756,-46.45285964912281,-2.7558596491228067,4,1140
330,575,1.3068181818181819,33997.69,77.26747727272728,-10.952227272727272,0.0,0,440
331,610,1.4087759815242493,38751.99,89.49651270207852,-17.626674364896076,0.0,8,433
332,85168,109.8941935483871,84202.6,108.64851612903226,-15.847341935483872,-0.07123870967741935,6,775
333,1147,1.248095756256801,83332.62,90.67749727965179,-18.347899891186074,-2.8255277475516865,2,919
334,248,1.1022222222222222,22009.44,97.81973333333333,-18.963733333333334,-1.2584888888888888,7,225
335,4391,7.8410714285714285,44342.71,79.18341071428571,-21.69751785714286,-0.25760714285714287,18,560
336,221000,302.3255813953488,87533.75,119.74521203830369,-10.136279069767442,-0.96187414500684,3,731
337,7202,16.294117647058822,47088.78,106.53570135746607,-34.16662895927602,-0.4835294117647058,27,442
338,177661,267.9653092006033,78651.81,118.63018099547511,-16.596410256410255,-0.0993815987933635,7,663
339,786,1.1293103448275863,74967.63,107.71211206896552,-22.077672413793103,-0.3838362068965517,7,696
340,703,1.3493282149712091,47753.4,91.65719769673704,-16.875930902111325,-0.17092130518234164,30,521
341,6076,21.244755244755243,37501.89,131.1254895104895,-14.36737762237762,-0.34244755244755243,55,286
342,754,1.3,63512.909999999996,109.5050172413793,-16.02705172413793,-0.3070689655172414,1,580
343,19081,33.59330985915493,27115.86,47.739190140845075,-6.002746478873239,0.0,1,568
344,4171,8.325349301397205,37630.35,75.11047904191616,-21.620499001996006,-0.24884231536926146,11,501
345,380,1.3103448275862069,36913.47,127.2878275862069,-19.471862068965518,0.0,75,290
346,27396,40.52662721893491,84645.66,125.21547337278108,-15.45578402366864,-0.03951183431952663,2,676
347,9300,25.0,46461.36,124.89612903225806,-13.90704301075269,-0.07661290322580645,4,372
348,76843,139.20833333333334,51239.49,92.82516304347826,-17.823840579710144,-0.20005434782608694,3,552
349,1196,1.7485380116959064,74274.81,108.58890350877192,-14.315409356725146,-0.03593567251461988,6,684
350,14545,32.17920353982301,45083.34,99.74190265486725,-17.491393805309734,-0.13789823008849558,0,452
351,15955,20.247461928934012,57984.56,73.58446700507614,-13.297944162436549,-0.24862944162436545,21,788
352,224594,369.3980263157895,93045.2,153.03486842105264,-28.496628289473687,-1.0914473684210526,11,608
353,18793,20.229278794402582,102296.09,110.11419806243272,-20.51151776103337,-0.1993864370290635,9,929
354,651,1.5649038461538463,55482.340000000004,133.37100961538462,-21.537187499999998,-0.02997596153846154,19,416
355,74644,45.90651906519065,158595.12,97.5369741697417,-12.80341328413284,-0.17940959409594098,1,1626
356,635,1.0967184801381693,52741.19,91.09013816925734,-11.483626943005182,0.0,5,579
357,318082,249.67189952904238,153018.63999999998,120.10882260596546,-13.82787284144427,-0.05731554160125588,2,1274
358,30861,79.33419023136247,64159.39,164.9341645244216,-24.938431876606682,0.0,1,389
359,113989,215.88825757575756,59044.12,111.82598484848485,-18.37125,-0.39734848484848484,37,528
360,61036,193.76507936507937,27824.79,88.33266666666667,-16.105777777777778,-0.1695873015873016,33,315
361,22196,38.73647469458988,49149.16,85.77514834205934,-13.448429319371728,0.0,2,573
362,2252,1.5013333333333334,153061.05,102.04069999999999,-14.669766666666666,-0.07242666666666667,5,1500
363,66297,55.2014987510408,184362.87,153.50780183180683,-11.002006661115736,-0.13612822647793507,9,1201
364,233,1.4746835443037976,17932.1,113.49430379746835,-33.45335443037975,-0.5636075949367089,9,158
365,3340,9.597701149425287,31430.64,90.31793103448275,-17.640775862068963,0.0,33,348
366,99836,152.65443425076452,88486.22,135.30003058103975,-18.50651376146789,-0.8006116207951071,14,654
367,98981,78.61874503574265,132760.7,105.4493248610008,-24.776981731532963,-7.504940428911834,6,1259
368,198382,78.28808208366219,266723.64,105.25794790844515,-13.727296764009472,-0.04076558800315706,0,2534
369,34836,44.60435339308579,94144.0,120.54289372599231,-14.10404609475032,-0.022804097311139564,5,781
370,978,1.1358885017421603,94813.77,110.12052264808362,-12.052973286875726,-0.591184668989547,4,861
371,15583,28.332727272727272,65008.19,118.1967090909091,-16.07692727272727,-0.022672727272727275,3,550
372,7387,36.21078431372549,32333.45,158.49730392156863,-15.930833333333332,-0.3578921568627451,0,204
373,18421,18.873975409836067,132307.33,135.56078893442623,-30.374467213114755,-0.21897540983606556,1,976
374,65873,96.02478134110787,117941.54,171.92644314868804,-23.57609329446064,-0.2596209912536443,0,686
375,681,1.493421052631579,66599.86,146.0523245614035,-16.17236842105263,0.0,2,456
376,119826,673.1797752808989,35146.86,197.45426966292135,-18.396629213483145,-0.40022471910112356,14,178
377,157304,142.09936766034326,115216.49,104.07993676603434,-13.803893405600723,-0.17857271906052394,3,1107
378,566341,320.8730878186969,205834.88999999998,116.62033427762039,-12.649631728045325,-0.8112691218130311,0,1765
379,77138,28.869011976047904,329583.88,123.34726047904192,-17.29550149700599,-0.35419161676646704,2,2672
380,37870,71.8595825426945,55694.65,105.68244781783682,-25.71516129032258,-0.40554079696394685,18,527
381,759,1.2820945945945945,57571.17,97.24859797297297,-21.715067567567566,-0.40793918918918914,2,592
382,529,1.2217090069284064,62408.08,144.12951501154734,-14.313025404157043,0.0,4,433
383,1077,1.1693811074918568,75869.27,82.3770575461455,-14.80313789359392,-0.11563517915309444,5,921
384,40990,68.7751677852349,59205.59,99.33823825503354,-14.34711409395973,-0.7918791946308724,0,596
385,216046,325.37048192771084,92710.89,139.6248343373494,-25.529623493975908,-4.177786144578313,0,664
386,179912,165.51241950321986,136585.57,125.65369825206993,-17.43191352345906,0.0,0,1087
387,238836,249.8284518828452,94438.52,98.78506276150628,-16.139780334728034,0.0,64,956
388,447,1.1403061224489797,43684.77,111.44073979591836,-13.20127551020408,0.0,20,392
389,279002,226.8308943089431,131248.71,106.70626829268292,-15.469666666666665,-1.5481382113821136,3,1230
390,28739,40.02646239554318,73388.2,102.21197771587744,-13.081058495821727,0.0,1,718
391,152142,151.38507462686567,82915.11,82.50259701492537,-23.831164179104476,-0.43521393034825867,64,1005
392,1251,1.3126967471143756,107712.98,113.02516264428121,-12.451941238195174,-0.2653725078698846,5,953
393,31694,66.86497890295358,39268.65,82.84525316455696,-17.04487341772152,-1.3489029535864978,0,474
394,66842,97.86530014641288,72873.89,106.69676427525623,-19.07654465592972,-0.06518301610541728,0,683
395,777,1.1701807228915662,50334.299999999996,75.80466867469879,-16.545557228915662,-0.36477409638554215,0,664
396,551519,473.8135738831615,163037.8,140.0668384879725,-16.352500000000003,-0.2356357388316151,1,1164
397,600,1.2396694214876034,54322.23,112.23601239669422,-13.340330578512397,-0.10671487603305785,5,484
398,4307,10.182033096926714,55201.39,130.49973995271867,-15.35933806146572,-0.5641843971631206,2,423
399,113454,182.1091492776886,103665.85,166.3978330658106,-36.15600321027287,-0.2858747993579454,0,623
400,215466,216.54874371859296,107583.09,108.12370854271356,-21.529507537688442,-0.18973869346733668,13,995
401,734742,831.1561085972851,145928.93,165.07797511312216,-38.20423076923077,-2.573914027149321,4,884
402,603699,352.01107871720114,203710.54,118.78165597667639,-17.305760932944608,-0.17654227405247813,1,1715
403,88912,140.2397476340694,59969.84,94.58965299684542,-15.8905047318612,-1.7730441640378547,4,634
404,179803,164.95688073394496,126187.8,115.76862385321101,-23.096715596330274,-2.8358715596330275,6,1090
405,557,1.3389423076923077,50929.6,122.42692307692307,-20.25048076923077,0.0,160,416
406,88,1.0602409638554218,8338.539999999999,100.46433734939758,-44.497951807228915,0.0,110,83
407,78498,38.918195339613284,184074.62,91.26158651462568,-19.92287555775905,-0.1552255825483391,0,2017
408,5878,10.222608695652173,57283.299999999996,99.6231304347826,-23.017269565217394,-0.3128347826086956,4,575
409,503614,463.3063477460902,155744.6,143.2793008279669,-14.798620055197793,-0.2480588776448942,3,1087
410,248,1.3626373626373627,17209.39,94.55708791208791,-15.167857142857141,0.0,3,182
411,91659,128.5539971949509,63031.68,88.40347826086956,-18.577615708274895,-0.22481065918653576,76,713
412,2856,1.1954792800334868,253516.12,106.1180912515697,-16.347953118459607,-0.3421808287986605,0,2389
413,12193,23.35823754789272,63319.68,121.30206896551724,-14.20139846743295,-0.03411877394636015,62,522
414,136297,122.12992831541219,97331.12,87.21426523297491,-10.634632616487455,-0.4624731182795699,1,1116
415,104707,216.78467908902692,46090.57,95.42561076604555,-20.214182194616978,-0.3687370600414079,21,483
416,319845,370.6199304750869,118841.51,137.70742757821552,-24.705643105446118,-2.0026419466975667,6,863
417,648,1.2226415094339622,46606.659999999996,87.93709433962263,-25.072811320754717,-0.11424528301886792,13,530
418,555777,295.1550716941052,243892.06,129.52313329792884,-19.132426978226235,-0.09458311205523101,7,1883
419,600,1.1695906432748537,47900.43,93.37315789473685,-20.967777777777776,-0.315906432748538,1,513
420,1419,1.3776699029126214,114622.59,111.28406796116505,-22.152592233009706,-0.1729126213592233,7,1030
421,193459,133.51207729468598,187209.54,129.1991304347826,-18.29870945479641,-0.379296066252588,0,1449
422,1432,1.2627865961199294,204360.9,180.21243386243387,-12.552768959435626,0.0,1,1134
423,342,1.3255813953488371,35283.16,136.75643410852715,-21.7377519379845,-0.2761240310077519,4,258
424,19873,26.01178010471204,73586.51,96.31742146596858,-23.5532722513089,-1.9106151832460734,3,764
425,217,1.5955882352941178,17442.8,128.25588235294117,-11.146911764705882,-0.26191176470588234,46,136
426,49383,38.311093871218,187015.13,145.0854383242824,-15.540403413498835,-0.03453840186190845,5,1289
427,175939,173.50986193293886,113731.4,112.1611439842209,-15.23680473372781,-1.2891814595660749,1,1014
428,399714,616.8425925925926,137970.83,212.91794753086418,-26.528657407407408,-0.4177623456790123,5,648
429,57944,114.51383399209486,45932.22,90.77513833992096,-22.98411067193676,-0.8447430830039525,22,506
430,1152,1.2687224669603525,90800.62,100.00068281938326,-16.587533039647578,-0.009801762114537446,8,908
431,184709,246.93716577540107,84144.3,112.49237967914439,-16.955200534759356,-0.685735294117647,1,748
432,2848,1.3947110675808032,219954.88,107.71541625857003,-16.485230166503428,-0.23967189030362387,0,2042
433,1637,1.1701215153681201,170108.57,121.59297355253753,-13.863616869192281,-1.6467905646890635,1,1399
434,1135,1.3511904761904763,73489.77,87.48782142857144,-20.948595238095237,-0.14841666666666664,4,840
435,12344,23.33459357277883,67926.29,128.40508506616257,-12.031398865784498,-0.3030056710775047,0,529
436,468846,577.3965517241379,114383.71,140.8666379310345,-26.9370197044335,-1.4296059113300492,0,812
437,35413,55.246489859594384,56877.729999999996,88.73280811232449,-12.063385335413416,0.0,4,641
438,40761,34.601867572156195,122579.39,104.05720713073005,-12.97550933786078,-0.060475382003395584,0,1178
439,747,1.2618243243243243,56928.05,96.16224662162162,-18.841925675675675,-0.5535304054054054,4,592
440,728,1.2093023255813953,80743.64,134.12564784053157,-16.471378737541528,-0.11833887043189367,17,602
441,173299,236.10217983651225,103889.15,141.53835149863758,-13.580217983651226,-0.22080381471389646,3,734
442,703,1.2508896797153024,59465.62,105.81071174377225,-13.627704626334518,0.0,35,562
443,131293,181.09379310344826,82939.2,114.39889655172414,-8.685779310344827,-0.1891448275862069,4,725
444,1648,1.1605633802816901,155781.33,109.70516197183098,-17.388345070422535,-0.165556338028169,3,1420
445,480,1.2371134020618557,41092.58,105.9087113402062,-9.483865979381443,0.0,50,388
446,236483,180.38367658276124,158186.21,120.66072463768116,-12.98508009153318,-0.05434019832189168,0,1311
447,656903,312.81095238095236,303825.42,144.67877142857142,-20.82119523809524,-0.47051428571428566,0,2100
448,92905,146.7693522906793,69956.03,110.51505529225908,-11.952827804107423,-0.07033175355450236,30,633
449,17304,58.857142857142854,25230.91,85.81942176870749,-12.741666666666667,-0.121156462585034,1,294
450,694650,472.55102040816325,244980.56,166.65344217687075,-17.628129251700678,-0.44318367346938775,3,1470
451,14852,35.19431279620853,50697.49,120.13623222748815,-27.518270142180093,-0.2481516587677725,45,422
452,300073,223.10260223048328,174437.81,129.69353903345726,-18.03452788104089,-0.17425278810408923,0,1345
453,688588,500.0639070442992,215418.94,156.44076978939725,-17.633100944081335,-0.1694335511982571,0,1377
454,376,1.1823899371069182,33436.27,105.14550314465407,-19.712138364779875,0.0,3,318
455,49692,68.82548476454294,80501.95,111.49854570637119,-18.841481994459834,0.0,1,722
456,1137624,474.40533778148455,400311.6,166.93561301084236,-16.58940366972477,-0.07872393661384486,2,2398
457,671,1.2756653992395437,55009.06,104.5799619771863,-14.229961977186312,0.0,8,526
458,1484,1.3109540636042403,99042.51,87.49338339222615,-16.360892226148408,-0.28477031802120145,4,1132
459,36868,39.51554126473741,80083.68,85.83459807073955,-16.59175777063237,-0.7990246516613076,0,933
460,124165,60.53876157971721,246754.32,120.3092735251097,-17.05168698196002,-0.5566162847391516,3,2051
461,1261,1.827536231884058,72758.38,105.4469275362319,-39.331043478260874,-1.7603623188405795,0,690
462,18369,30.113114754098362,53519.11,87.73624590163935,-22.869770491803276,-1.5841639344262293,12,610
463,18797,83.91517857142857,22804.26,101.80473214285713,-24.345267857142858,-4.166205357142856,6,224
464,745571,180.35099177552007,432020.3,104.50418480890178,-17.882985002418962,-1.826025641025641,0,4134
465,223,1.2252747252747254,36840.479999999996,202.42021978021975,-5.107967032967033,0.0,11,182
466,56650,50.266193433895296,131836.3,116.97985803016857,-19.61204081632653,-0.6905767524401064,5,1127
467,1856,1.3362131029517639,96828.20999999999,69.71073434125269,-20.01670986321094,-0.23079913606911445,1,1389
468,486,1.215,40195.39,100.488475,-17.571925,-0.044524999999999995,4,400
469,1556,1.415832575068244,121104.94,110.19557779799818,-21.610746132848043,-0.08102820746132848,0,1099
470,808768,392.9873663751215,291556.17,141.66966472303207,-16.699965986394556,-0.019042759961127306,12,2058
471,404,1.3289473684210527,32437.22,106.70138157894738,-21.83125,0.0,39,304
472,268,1.3673469387755102,25703.42,131.13989795918366,-19.999795918367347,0.0,17,196
473,188984,306.7922077922078,80228.18,130.24055194805194,-21.538944805194806,-0.36949675324675324,16,616
474,63084,72.3440366972477,81529.36,93.49697247706422,-25.90309633027523,-0.5085550458715596,2,872
475,924,1.6353982300884955,55844.86,98.84046017699116,-21.016442477876105,-1.8522477876106194,20,565
476,27998,160.90804597701148,24621.17,141.50097701149426,-16.059827586206897,0.0,9,174
477,361,1.2320819112627985,30334.8,103.53174061433447,-13.705699658703072,0.0,2,293
478,1863,2.857361963190184,62154.82,95.32947852760736,-17.36828220858896,-0.05463190184049079,24,652
479,1878,1.4513137557959814,127345.63,98.41238794435858,-16.078493044822256,-0.034404945904173104,3,1294
480,23175,39.956896551724135,57776.74,99.61506896551724,-11.733068965517242,-0.09212068965517241,5,580
481,55948,29.96679164434922,111537.83,59.741740760578466,-7.614386716657739,-0.7257525441885377,4,1867
482,18668,42.04504504504504,39926.28,89.92405405405405,-14.552702702702701,-0.08022522522522522,5,444
483,203904,277.7983651226158,80518.17,109.69777929155313,-19.163174386920982,-1.6329700272479564,1,734
484,2278,1.3061926605504588,162432.88999999998,93.13812499999999,-11.311949541284404,-0.03573967889908257,6,1744
485,414,1.6046511627906976,24338.28,94.33441860465116,-22.343682170542635,-0.35759689922480614,0,258
486,8130,13.327868852459016,62715.68,102.81259016393443,-24.093426229508196,-0.14598360655737705,2,610
487,13104,44.42033898305085,29330.06,99.42393220338984,-22.496169491525425,0.0,34,295
488,310510,452.6384839650146,91699.67,133.67298833819243,-15.685204081632651,0.0,31,686
489,289,1.3696682464454977,30373.0,143.9478672985782,-6.614123222748815,-0.06753554502369669,19,211
490,2617544,3490.058666666667,290788.44,387.71792,-16.686519999999998,-1.0211066666666666,0,750
491,42241,99.39058823529412,50613.659999999996,119.09096470588234,-16.0432,-0.6034117647058823,20,425
492,221,1.0424528301886793,26322.57,124.16306603773585,-8.049669811320754,0.0,17,212
493,6098,19.544871794871796,49360.98,158.20826923076925,-18.926570512820515,-0.9133333333333332,0,312
494,235489,189.75745366639808,177325.37,142.8890975020145,-21.222369057211925,-1.0464867042707495,1,1241
495,291844,185.29777777777778,183856.74,116.73443809523809,-12.793333333333333,-0.012438095238095238,0,1575
496,4531,6.34593837535014,71026.95,99.47752100840336,-15.806526610644259,-0.1895658263305322,50,714
497,79049,162.65226337448559,53479.89,110.04092592592592,-24.338703703703704,-1.2298148148148147,0,486
498,1793,1.1248431618569636,166016.68,104.15099121706399,-16.54772271016311,-0.4042471769134253,1,1594
499,367004,239.40247879973907,136695.65,89.16872146118722,-17.628799739073713,-0.14637964774951076,0,1533
500,7764,17.408071748878925,31851.85,71.41670403587443,-13.286233183856503,0.0,20,446
501,7349,3.501191043353978,154702.13999999998,73.70278227727489,-16.377732253454028,-0.11522153406383992,0,2099
502,14735,21.927083333333332,76878.8,114.4029761904762,-26.019910714285714,-0.13251488095238095,1,672
503,92875,147.89012738853503,64311.79,102.40730891719745,-22.800557324840764,-0.41969745222929933,7,628
504,604,1.163776493256262,69976.17,134.82884393063583,-14.549826589595375,0.0,11,519
505,205,1.1781609195402298,13029.3,74.88103448275862,-22.796091954022987,0.0,112,174
506,166530,402.2463768115942,60771.17,146.79026570048308,-19.732004830917877,-0.7313285024154589,5,414
507,191105,591.656346749226,51139.39,158.32628482972137,-16.365448916408667,0.0,2,323
508,1236,1.0738488271068636,149660.02,130.02608166811467,-11.867984361424847,0.0,5,1151
509,609,1.220440881763527,61697.12,123.64152304609219,-20.33370741482966,-0.4404408817635271,3,499
510,181500,110.53593179049939,161811.27,98.54523142509134,-24.025816077953714,-1.4523447015834348,14,1642
511,21778,41.80038387715931,52504.37,100.77614203454895,-12.511074856046065,-0.13673704414587332,5,521
512,64046,237.2074074074074,45123.65,167.12462962962962,-35.03674074074074,-0.5712222222222222,4,270
513,403,1.2916666666666667,28035.72,89.85807692307692,-15.945416666666668,-0.39958333333333335,4,312
514,564,1.1799163179916319,74839.48,156.56794979079498,-11.998200836820084,-0.03725941422594142,1,478
515,2786,1.075260517174836,230112.41,88.81219992280973,-13.467711308375144,-0.020621381705905054,0,2591
516,452,1.4394904458598725,47036.85,149.79888535031847,-17.42777070063694,-0.794076433121019,4,314
517,454,1.2303523035230353,39785.78,107.82054200542005,-19.099566395663956,0.0,1,369
518,1454,1.1830756712774613,86021.34,69.99295362082994,-17.48445890968267,-0.940772986167616,5,1229
519,55488,69.53383458646617,79334.88,99.41714285714286,-21.09877192982456,-0.2678195488721804,1,798
520,63042,57.836697247706425,128470.39,117.86274311926606,-18.518045871559632,-0.7793853211009174,13,1090
521,204798,261.2219387755102,86102.11,109.82411989795918,-24.94530612244898,-0.06815051020408164,16,784
522,85098,166.85882352941175,50471.1,98.96294117647058,-13.549627450980394,0.0,6,510
523,438,1.8024691358024691,30478.17,125.42456790123457,-18.29222222222222,-1.597695473251029,28,243
524,12774,17.546703296703296,79512.33,109.22023351648352,-13.542802197802198,-0.39337912087912086,9,728
525,1312,1.1349480968858132,107185.14,92.72070934256055,-23.733070934256055,-0.2101470588235294,0,1156
526,6013,6.322818086225026,103327.48,108.6513985278654,-15.855709779179811,-0.7959095688748685,5,951
527,92489,240.85677083333334,56510.15,147.16184895833334,-15.140468749999998,0.0,5,384
528,638974,368.9226327944573,261565.02,151.01906466512702,-17.692240184757505,-0.7420034642032332,5,1732
529,603,1.5621761658031088,28910.02,74.89642487046632,-19.591476683937824,-2.7489378238341966,55,386
530,1848,1.1891891891891893,189283.38999999998,121.80398326898326,-16.33009009009009,-0.25785714285714284,1,1554
531,48506,242.53,28025.329999999998,140.12664999999998,-20.901750000000003,0.0,35,200
532,537,1.3911917098445596,43068.7,111.57694300518133,-21.693808290155438,0.0,9,386
533,1889,1.1821026282853566,224598.09,140.5494931163955,-13.91857321652065,-0.09361702127659574,0,1598
534,81992,372.6909090909091,35652.1,162.055,-21.917499999999997,-0.7366818181818181,0,220
535,329504,229.9399860432659,140187.36,97.82788555478017,-16.100851360781576,-0.08948360083740405,0,1433
536,11473,15.420698924731182,110862.67,149.00896505376343,-13.516908602150538,-1.024543010752688,0,744
537,59923,51.56884681583477,130906.95,112.6565834767642,-15.449061962134252,-0.15327022375215146,23,1162
538,1072,1.2209567198177675,98346.1,112.0115034168565,-10.836013667425968,0.0,2,878
539,5659,20.80514705882353,20824.77,76.5616544117647,-12.599227941176471,-0.05238970588235294,5,272
540,345,1.0615384615384615,40612.93,124.96286153846154,-12.552307692307693,-0.3288,2,325
541,525570,336.90384615384613,345946.13,221.76033974358975,-7.088230769230769,-0.0616474358974359,1,1560
542,120,1.1650485436893203,9907.58,96.19009708737865,-11.207864077669901,0.0,23,103
543,1108,1.357843137254902,104609.87,128.19837009803922,-22.741960784313722,-0.26191176470588234,127,816
544,120574,134.2694877505568,99880.96,111.22601336302895,-24.694064587973273,-0.20824053452115812,13,898
545,1106,1.2568181818181818,89160.92,101.31922727272728,-12.711818181818181,-0.02023863636363636,2,880
546,269469,197.9933872152829,159087.11,116.88986774430565,-14.12887582659809,-0.09944893460690668,2,1361
547,252,1.1402714932126696,27153.37,122.86592760180994,-12.583076923076923,0.0,3,221
548,533,1.4137931034482758,36739.82,97.45310344827585,-17.358328912466845,-0.05196286472148541,7,377
549,44097,155.2711267605634,26210.84,92.29169014084508,-14.138767605633802,-0.1254225352112676,2,284
550,1648,1.3409275834011392,130147.74,105.8972660699756,-16.360349877949552,-0.7816598860862489,3,1229
551,309222,327.9130434782609,117566.37,124.67271474019087,-14.521230116648994,-1.8406362672322376,6,943
552,361747,333.7149446494465,160210.35,147.7955258302583,-18.30511070110701,-0.6732749077490774,1,1084
553,8292,5.629327902240326,219164.44,148.78780719619823,-16.423224711473186,0.0,0,1473
554,143045,162.36662883087402,71681.83,81.36416572077185,-20.865664018161183,-0.36388195232690124,5,881
555,267645,252.9725897920605,134279.5,126.91824196597354,-15.920500945179583,0.0,6,1058
556,71571,128.49371633752244,72719.14,130.55500897666067,-16.68633752244165,-3.6789048473967685,35,557
557,43303,29.081934184016117,129980.37,87.29373404969778,-20.036662189388853,-0.02392209536601746,1,1489
558,145859,427.73900293255133,45665.41,133.91615835777128,-15.645571847507332,-0.7677712609970675,6,341
559,1709,1.1967787114845938,95764.47,67.0619537815126,-11.016526610644258,-0.09353641456582633,4,1428
560,111711,117.8386075949367,104952.36,110.70924050632911,-21.747289029535864,-0.5804957805907173,3,948
561,434518,411.0860927152318,216672.78,204.9884389782403,-20.34883632923368,-0.3369914853358562,0,1057
562,204,1.3783783783783783,13471.46,91.02337837837837,-8.962364864864865,0.0,2,148
563,36069,96.95967741935483,47331.42,127.235,-25.61198924731183,0.0,20,372
564,242700,319.7628458498024,124718.91,164.3200395256917,-21.699670619235835,-0.5842819499341239,3,759
565,2270,1.189727463312369,190542.1,99.86483228511531,-13.723810272536687,-1.980005241090147,1,1908
566,736033,277.3296910324039,307490.77,115.8593707611153,-15.618880934438584,-2.3501733232856066,3,2654
567,1691,1.3190327613104524,135152.9,105.42347893915756,-20.431497659906398,-0.2320046801872075,4,1282
568,11965,16.081989247311828,80604.17,108.33893817204302,-13.159086021505377,-0.047876344086021504,1,744
569,264661,248.2748592870544,181875.87,170.6152626641651,-17.797242026266417,-0.01670731707317073,5,1066
570,118372,90.49847094801223,119555.25,91.40309633027523,-26.423883792048933,-0.6236162079510703,4,1308
571,459391,413.12140287769785,166810.18,150.009154676259,-19.337257194244604,-0.017616906474820143,1,1112
572,977960,410.0461215932914,349885.12,146.70235639412996,-11.552117400419286,-0.04465408805031446,0,2385
573,4817,7.731942215088282,58011.92,93.11704654895667,-14.688491171749599,-0.05717495987158908,0,623
574,483,1.152744630071599,58251.85,139.02589498806682,-14.710477326968972,-0.1275178997613365,1,419
575,545851,528.4133591481122,193072.92,186.9050532429816,-33.64758954501452,-0.08792836398838334,2,1033
576,493,1.3694444444444445,33643.659999999996,93.4546111111111,-20.710916666666666,0.0,18,360
577,164631,169.89783281733747,108716.76,112.1947987616099,-17.53985552115583,-0.3580392156862745,4,969
578,940572,406.99783643444397,321261.02,139.01385547382085,-20.0467027260926,-0.9896668109043704,9,2311
579,75290,120.65705128205128,66211.73,106.10854166666665,-11.013445512820512,-0.11416666666666665,5,624
580,18978,62.633663366336634,38406.0,126.75247524752476,-19.675478547854787,-0.29389438943894386,4,303
581,277,1.1837606837606838,14429.69,61.665341880341884,-6.3082051282051275,0.0,1,234
582,99665,196.96640316205534,51503.43,101.78543478260869,-14.059703557312252,0.0,3,506
583,1306,1.1861943687556766,83046.53,75.42827429609446,-9.941180744777474,-0.2924613987284287,29,1101
584,8241,17.79913606911447,34104.61,73.66006479481642,-8.68488120950324,-0.3531317494600432,22,463
585,45702,53.830388692579504,99322.77,116.98795053003533,-18.125265017667846,-0.7786925795053004,0,849
586,100525,200.24900398406373,65932.16,131.3389641434263,-12.722729083665337,-1.9604980079681273,18,502
587,193715,399.41237113402065,70906.03,146.198,-25.179237113402063,-0.672,1,485
588,517,1.1540178571428572,51505.77,114.96823660714286,-12.61154017857143,0.0,11,448
589,156,1.1063829787234043,11988.56,85.02524822695035,-11.885531914893617,0.0,98,141
590,595037,463.42445482866043,180245.3,140.37795950155763,-18.27971183800623,-0.1262227414330218,0,1284
591,416,1.368421052631579,30763.77,101.19661184210527,-33.24940789473684,-0.5448355263157895,25,304
592,122959,164.82439678284183,83125.84,111.42873994638069,-15.220857908847185,-0.07400804289544236,7,746
593,218860,169.79053529868114,104389.72,80.98504266873546,-15.110659425911559,-0.18099301784328936,0,1289
594,42321,43.18469387755102,111669.31,113.94827551020408,-22.348448979591836,-1.1085714285714285,21,980
595,4160,3.4840871021775546,130204.45,109.04895309882747,-14.47860971524288,-0.19540201005025126,10,1194
596,91206,34.58703071672355,183163.04,69.45886992794843,-19.2233522942738,-0.38361774744027305,3,2637
597,234285,984.390756302521,38526.12,161.8744537815126,-9.64596638655462,0.0,22,238
598,50564,38.10399397136398,148769.56,112.10969103240392,-23.072049736247173,-2.9703315749811607,0,1327
599,562,1.3223529411764705,48589.53,114.32830588235294,-19.22854117647059,0.0,59,425
600,24731,22.77255985267035,83892.03,77.24864640883978,-17.637394106813996,-0.1394014732965009,4,1086
601,384,1.0909090909090908,30847.16,87.63397727272728,-14.162926136363637,-0.10119318181818181,2,352
602,69863,164.3835294117647,52483.26,123.49002352941177,-14.982000000000001,0.0,6,425
603,1933,1.300807537012113,139170.6,93.65450874831764,-11.789320323014804,-0.16778600269179003,0,1486
604,102809,109.13906581740977,84484.45999999999,89.68626326963906,-17.014246284501063,-0.15503184713375795,0,942
605,248135,713.0316091954023,61210.729999999996,175.89290229885057,-18.262442528735633,-0.056293103448275865,19,348
606,765,1.2338709677419355,42855.29,69.12143548387097,-15.644645161290324,-0.057451612903225806,0,620
607,16367,27.05289256198347,53807.62,88.93821487603306,-9.293487603305785,-1.1345289256198348,1,605
608,377855,338.5797491039427,123612.03,110.76346774193549,-14.771810035842295,-0.8039695340501792,1,1116
609,37079,67.17210144927536,51814.92,93.86760869565217,-14.004076086956522,-0.16132246376811593,2,552
610,627,1.2848360655737705,36855.729999999996,75.52403688524589,-17.325102459016392,-0.05473360655737705,3,488
611,956,1.335195530726257,67602.53,94.41694134078212,-32.533463687150835,-0.3756005586592178,21,716
612,48254,46.84854368932039,80501.01,78.15632038834951,-12.796873786407767,0.0,2,1030
613,873941,638.8457602339181,213383.16,155.98184210526315,-13.242017543859648,-0.08332602339181286,1,1368
614,75219,78.02800829875518,88681.92,91.99369294605809,-15.96140041493776,-0.11269709543568465,0,964
615,583,1.3653395784543325,62902.57,147.31281030444964,-12.406018735362997,0.0,0,427
616,947,1.2330729166666667,93823.26,122.165703125,-10.012434895833334,-0.0695703125,5,768
617,3656,8.938875305623473,35144.22,85.92718826405869,-14.20161369193154,-0.047897310513447436,17,409
618,583,1.453865336658354,45965.72,114.6277306733167,-21.964189526184537,-0.5596259351620948,27,401
619,2924,1.438976377952756,199855.94,98.35430118110236,-16.9080905511811,-0.13147145669291338,1,2032
620,886,1.1844919786096257,75881.37,101.44568181818181,-12.39254010695187,0.0,2,748
621,13487,13.514028056112224,113510.46,113.73793587174349,-15.535260521042085,-0.47612224448897794,0,998
622,73649,33.22011727559765,288778.79,130.25655841226882,-14.932268831754621,-0.00803337843933243,4,2217
623,355422,499.188202247191,108049.26,151.7545786516854,-15.796966292134833,0.0,0,712
624,18641,23.01358024691358,102161.0,126.12469135802469,-11.428283950617283,-0.13412345679012347,5,810
625,531,1.127388535031847,60296.56,128.01817409766454,-14.693248407643312,0.0,71,471
626,152000,53.691275167785236,250892.38,88.62323560579301,-19.171769692688095,-2.2252313670081243,1,2831
627,1052504,306.94196558763485,417555.18,121.7717060367454,-13.376552930883639,-1.1508603091280256,0,3429
628,854,1.114882506527415,65267.31,85.20536553524803,-18.113002610966056,-1.1904046997389033,1,766
629,312,1.5522388059701493,26728.05,132.97537313432835,-49.4744776119403,-0.5139303482587064,17,201
630,498,1.245,41052.17,102.630425,-20.421575,0.0,1,400
631,570,1.360381861575179,46571.09,111.1481861575179,-15.68563245823389,-0.04675417661097852,0,419
632,450128,319.0134656272147,178743.31,126.67846208362863,-31.427625797306874,-3.208022678951098,0,1411
633,44305,46.24739039665971,98840.74,103.17405010438414,-16.14929018789144,-0.1896242171189979,0,958
634,754,1.212218649517685,59655.94,95.90987138263667,-18.34967845659164,-0.5697909967845659,2,622
635,337,1.0906148867313916,35619.46,115.27333333333333,-16.889029126213593,-0.11527508090614885,67,309
636,7226,18.866840731070496,37240.82,97.23451697127938,-19.339556135770234,-2.9760835509138377,2,383
637,1380,1.2147887323943662,115117.88,101.33616197183099,-9.557860915492958,-0.04703345070422535,9,1136
638,219118,128.59037558685446,192969.13,113.24479460093897,-24.69782863849765,-0.7052816901408451,11,1704
639,635,1.4142538975501113,45391.46,101.09456570155902,-19.607238307349665,-0.5592873051224944,45,449
640,51090,51.920731707317074,90086.0,91.55081300813008,-11.658262195121951,-0.1266869918699187,2,984
641,927,1.7590132827324478,71987.81,136.59925996204933,-15.301043643263757,-0.8036242884250474,0,527
642,696,1.3009345794392524,55822.02,104.34022429906541,-22.09357009345794,-0.16644859813084112,1,535
643,354180,685.0676982591876,91376.7,176.74410058027078,-19.98998065764023,0.0,0,517
644,726,1.1255813953488372,41873.79,64.92060465116279,-13.873178294573645,-0.08283720930232558,2,645
645,6213,13.275641025641026,32127.739999999998,68.64901709401708,-14.029423076923075,0.0,4,468
646,178131,390.6381578947368,51565.17,113.08151315789473,-12.628903508771929,0.0,1,456
647,215861,415.9171483622351,72804.13,140.2777071290944,-10.462003853564546,-0.41522157996146436,3,519
648,114214,205.0520646319569,52539.11,94.3251526032316,-16.212154398563733,-0.0351705565529623,3,557
649,66717,66.1875,92740.35,92.00431547619048,-14.126924603174604,-0.26998015873015874,7,1008
650,18887,17.552973977695167,90976.86,84.55098513011153,-14.285232342007435,-0.387314126394052,7,1076
651,18585,45.775862068965516,57441.54,141.48162561576356,-14.485689655172413,0.0,3,406
652,1029,1.2457627118644068,69874.76,84.59414043583534,-13.15044794188862,-0.379043583535109,31,826
653,37529,107.22571428571429,45406.08,129.73165714285716,-15.0042,-0.7775142857142857,4,350
654,300,1.2396694214876034,28074.72,116.0112396694215,-13.569256198347107,0.0,47,242
655,31940,18.966745843230402,171353.17,101.75366389548694,-13.625967933491687,-0.0780522565320665,2,1684
656,592,1.2676659528907923,48486.56,103.82561027837258,-14.545995717344752,-0.26695931477516055,2,467
657,100598,72.89710144927537,189536.63,137.34538405797102,-28.359760869565218,-1.3210217391304349,4,1380
658,1189,1.369815668202765,76157.74,87.73933179723502,-17.61577188940092,-0.20518433179723503,6,868
659,1094619,514.6304654442878,303557.21,142.71613070051717,-13.121697226140103,-0.33978843441466855,1,2127
660,365334,429.80470588235295,122814.70999999999,144.48789411764704,-9.885470588235293,0.0,1,850
661,16899,28.887179487179488,76264.93,130.3674017094017,-10.828358974358975,-0.5845299145299145,11,585
662,29091,264.46363636363634,14014.6,127.40545454545455,-17.263181818181817,0.0,77,110
663,670,1.213768115942029,33203.96,60.152101449275364,-11.27947463768116,0.0,0,552
664,1075,1.138771186440678,116998.22,123.93879237288135,-15.073347457627118,-0.23583686440677964,1,944
665,1426,1.07137490608565,136568.44,102.60589030803906,-15.494455296769345,-0.2876859504132231,1,1331
666,2009,1.346514745308311,142037.79,95.19959115281502,-13.045898123324397,-0.023873994638069704,3,1492
667,68925,46.07286096256684,104045.95999999999,69.5494385026738,-15.603455882352941,-0.125,0,1496
668,460929,475.1845360824742,112154.17,115.62285567010309,-17.385041237113402,-0.020195876288659792,0,970
669,143409,211.51769911504425,86021.54,126.87542772861356,-13.876474926253687,0.0,5,678
670,260,1.187214611872146,21737.29,99.25703196347033,-18.55977168949772,-0.9840182648401826,5,219
671,145208,472.9902280130293,44297.43,144.29130293159608,-14.000586319218241,-0.7367752442996742,16,307
672,504971,731.8420289855072,98933.94,143.38252173913042,-11.726159420289855,0.0,0,690
673,25659,51.318,54002.92,108.00583999999999,-15.14192,-0.07124,31,500
674,34831,59.74442538593482,71423.74,122.51070325900515,-10.75056603773585,0.0,1,583
675,8711,26.96904024767802,28228.239999999998,87.39393188854488,-15.855386996904025,0.0,14,323
676,1474,1.4091778202676863,135663.63,129.69754302103252,-20.101032504780115,0.0,10,1046
677,2424,1.8776142525174284,170747.83,132.26013168086754,-13.381657629744385,-0.06897753679318358,2,1291
678,19339,21.851977401129943,83844.98,94.74009039548022,-14.418915254237287,-0.062384180790960454,0,885
679,1715,1.253654970760234,157174.9,114.893932748538,-16.625891812865497,0.0,9,1368
680,29641,35.8415961305925,96945.31999999999,117.22529625151148,-24.044256348246673,0.0,2,827
681,537,1.1724890829694323,33516.01,73.17906113537119,-15.60504366812227,-0.2605458515283843,3,458
682,805,1.087837837837838,66959.58,90.48591891891893,-19.943662162162163,-1.2558513513513512,45,740
683,1512,1.4144059869036483,113441.22,106.11900841908326,-20.756267539756784,-0.19159027128157158,8,1069
684,1076,1.2733727810650888,64738.76,76.61391715976332,-14.29530177514793,-0.8350532544378698,5,845
685,58725,144.2874692874693,46015.24,113.05955773955773,-21.26486486486486,-0.21879606879606878,13,407
686,793,1.5828343313373254,73046.74,145.801876247505,-19.101936127744512,-0.053313373253493015,5,501
687,466778,489.7985309548793,121039.46,127.00887722980063,-17.768016789087092,-0.1532423924449108,4,953
688,722,1.1797385620915033,40215.29,65.71125816993464,-9.69279411764706,-0.09312091503267975,9,612
689,6529,7.127729257641922,59102.89,64.5228056768559,-13.823591703056769,0.0,5,916
690,96781,181.2378277153558,62187.19,116.45541198501873,-13.577397003745318,-0.10338951310861422,4,534
691,99027,74.79380664652568,156749.97,118.3912160120846,-22.472673716012086,-0.16948640483383684,1,1324
692,23432,88.09022556390977,27637.5,103.90037593984962,-28.518571428571427,-0.6293609022556391,9,266
693,402,1.1858407079646018,43954.53,129.65938053097344,-16.272536873156344,-0.10507374631268436,5,339
694,698562,623.7160714285715,169083.46,150.967375,-16.464044642857143,-0.27667857142857144,1,1120
695,14056,8.02283105022831,216734.14,123.70670091324202,-13.540034246575342,-0.3151198630136986,1,1752
696,14077,23.899830220713074,36005.78,61.130356536502546,-13.52383701188455,0.0,0,589
697,310,1.3777777777777778,28532.15,126.80955555555556,-28.53382222222222,-0.2612,9,225
698,773,1.3035413153456998,54748.11,92.3239629005059,-13.054198988195616,-0.06006745362563237,19,593
699,202650,175.0,109398.31,94.47177029360967,-15.294758203799653,-0.03075993091537133,0,1158
700,185107,309.02671118530884,71615.92,119.55913188647746,-21.163205342237063,-0.8057595993322203,12,599
701,22983,55.380722891566265,31902.91,76.87448192771085,-23.691831325301205,0.0,4,415
702,61265,115.15977443609023,48504.42,91.17372180451127,-15.540131578947369,-0.16738721804511278,27,532
703,685689,726.3654661016949,166579.95,176.461811440678,-13.471366525423727,-0.05810381355932203,12,944
704,19908,20.651452282157678,106864.87,110.85567427385891,-21.267365145228215,-0.41568464730290455,3,964
705,407111,351.26056945642796,207557.93,179.08363244176013,-19.36199309749784,-0.06146678170836928,6,1159
706,362633,199.68777533039648,212656.42,117.10155286343613,-21.22940528634361,-2.373111233480176,0,1816
707,419,1.1479452054794521,38643.29,105.87202739726028,-30.89643835616438,-0.35131506849315064,11,365
708,407624,329.5262732417138,160983.92,130.14059822150364,-15.712983023443815,-0.10078415521422796,2,1237
709,902,1.1578947368421053,85696.52,110.00836970474968,-15.076392811296534,-0.04571245186136072,1,779
710,851,1.4596912521440824,132997.17,228.12550600343056,-44.382384219554034,-18.193018867924525,0,583
711,7271,1.7423915648214714,423705.31,101.53494128924035,-12.262187874430865,-0.043019410496046004,5,4173
712,35305,46.02998696219035,95848.78,124.96581486310299,-23.069895697522817,-1.5371968709256845,3,767
713,3237,6.119092627599244,64278.98,121.51035916824198,-25.53939508506616,-0.35688090737240075,15,529
714,167787,225.21744966442952,95368.09,128.01085906040268,-15.275959731543624,-0.11953020134228187,0,745
715,18294,28.451010886469675,52953.94,82.35449455676516,-22.156858475894246,-0.274199066874028,27,643
716,15976,33.91932059447983,47088.33,99.97522292993631,-15.385095541401274,-0.09452229299363057,3,471
717,654,1.248091603053435,49117.89,93.73643129770993,-22.317385496183206,-0.48604961832061067,23,524
718,26828,57.69462365591398,38070.04,81.87105376344086,-9.992752688172043,-0.05744086021505376,51,465
719,780,1.3197969543147208,90323.71,152.83199661590527,-23.77060913705584,-0.2712182741116751,13,591
720,2729,4.729636048526863,46094.25,79.88604852686308,-17.37415944540728,-0.046291161178509524,4,577
721,7717,48.84177215189873,16837.86,106.56873417721519,-14.152974683544304,0.0,0,158
722,709,1.401185770750988,57925.01,114.47630434782609,-25.05575098814229,-0.1759881422924901,3,506
723,351,1.2904411764705883,30669.75,112.7564338235294,-21.984889705882352,-0.6547794117647059,9,272
724,22911,37.19318181818182,56583.57,91.8564448051948,-15.23612012987013,-0.1445616883116883,6,616
725,5783,4.286879169755374,131435.42,97.43174203113418,-22.638547071905116,-1.0266048925129725,3,1349
726,608,1.1407129455909943,45011.45,84.44924953095685,-16.622926829268295,-0.13365853658536583,7,533
727,639,1.283132530120482,45233.65,90.83062248995984,-17.315,-0.07152610441767068,15,498
728,13716,71.81151832460733,20898.89,109.41827225130889,-14.048324607329842,0.0,10,191
729,1247,1.2922279792746114,108374.45,112.30512953367875,-13.370476683937824,-0.5016373056994818,6,965
730,379,1.430188679245283,30098.79,113.58033962264152,-20.733396226415095,-0.18147169811320754,6,265
731,24117,73.52743902439025,44625.979999999996,136.0548170731707,-16.41015243902439,0.0,10,328
732,1526,1.9146800501882058,99696.20999999999,125.08934755332496,-19.5630991217064,0.0,1,797
733,1590,1.2619047619047619,186995.44,148.40907936507938,-12.739341269841269,-0.4749206349206349,8,1260
734,241,1.268421052631579,15401.37,81.05984210526316,-17.275473684210528,0.0,11,190
735,551738,235.18243819266837,305622.05,130.27367860187553,-13.277536231884058,-0.3894330775788576,2,2346
736,985,1.4400584795321638,83575.4,122.18625730994151,-26.97409356725146,-0.13019005847953216,50,684
737,116817,72.6473880597015,173921.46,108.1601119402985,-23.815055970149253,-1.0471019900497514,1,1608
738,558,1.4090909090909092,54392.0,137.35353535353536,-18.86340909090909,0.0,3,396
739,423,1.5437956204379562,28558.56,104.22832116788322,-21.17456204379562,0.0,6,274
740,1206,1.5075,87820.04,109.77505,-25.977475,-0.044524999999999995,2,800
741,618,1.0710571923743502,70868.68,122.82266897746966,-13.506516464471405,0.0,20,577
742,58177,86.83134328358209,61688.92,92.07301492537313,-19.897522388059702,-0.31898507462686565,5,670
743,236462,268.4018161180477,110773.75,125.73637911464245,-16.93271282633371,-0.044472190692395004,2,881
744,35203,35.34437751004016,82425.6,82.7566265060241,-16.475823293172688,0.0,4,996
745,319990,329.2078189300411,125139.06999999999,128.74389917695473,-18.501100823045267,-0.06596707818930042,0,972
746,1094,1.3522867737948083,98492.03,121.74540173053151,-8.920049443757724,0.0,1,809
747,40338,152.79545454545453,30963.63,117.28647727272728,-22.501287878787878,0.0,7,264
748,1064834,453.31375053214134,308723.95,131.42782034908473,-18.640166028097063,-4.577611749680715,2,2349
749,154393,131.06366723259762,151873.63,128.9249830220713,-14.013913412563667,-0.10734295415959252,2,1178
750,7725,6.165203511572226,108748.26,86.79031125299281,-22.571675977653634,-0.11370311252992817,5,1253
751,860,1.2874251497005988,89772.97,134.3906736526946,-20.102155688622755,-0.016002994011976048,4,668
752,723,1.2401372212692967,43716.58,74.98555746140651,-13.765265866209262,0.0,1,583
753,528974,486.6366145354186,179466.22,165.10231830726772,-12.252667893284269,-0.22117755289788407,4,1087
754,241023,278.3175519630485,103698.4,119.74411085450346,-29.335842956120093,-0.32452655889145493,2,866
755,187103,138.3897928994083,167521.13,123.90616124260356,-18.44414201183432,-0.7727218934911243,3,1352
756,359099,419.0186697782964,119611.18,139.5696382730455,-18.540105017502917,0.0,3,857
757,19316,29.76271186440678,56500.14,87.05722650231125,-16.008705701078583,-0.397904468412943,4,649
758,58706,123.33193277310924,50616.99,106.33821428571429,-13.590756302521008,0.0,35,476
759,4984,32.36363636363637,18025.39,117.04798701298701,-23.09987012987013,0.0,380,154
760,93330,130.34916201117318,103394.17,144.40526536312848,-13.04495810055866,-0.05472067039106145,0,716
761,886,1.2991202346041055,60106.52,88.13272727272727,-11.111612903225806,-0.4068621700879766,7,682
762,12889,12.824875621890547,56358.85,56.07845771144279,-18.276019900497513,-0.08860696517412935,2,1005
763,191173,262.60027472527474,77731.78,106.77442307692307,-14.302252747252746,-0.3351510989010989,2,728
764,513,1.2185273159144894,49283.94,117.06399049881236,-15.864726840855107,0.0,2,421
765,8985,7.563131313131313,137104.29,115.40765151515153,-24.133367003367002,-0.4824242424242424,9,1188
766,181976,173.47569113441372,136380.74,130.01023832221162,-14.805452812202097,-2.3317159199237367,1,1049
767,94199,80.71893744644387,140364.67,120.27820908311912,-15.354284490145673,-0.45111396743787485,0,1167
768,510,1.328125,40861.65,106.41054687500001,-24.371614583333336,-0.5101822916666666,2,384
769,1754,1.1360103626943006,139438.74,90.31006476683937,-15.392810880829016,-0.1464961139896373,1,1544
770,273,1.2757009345794392,18258.98,85.32233644859812,-26.248691588785046,-2.080607476635514,4,214
771,373901,429.27784156142366,203971.02,234.18027554535016,-23.677014925373136,-0.17380022962112515,2,871
772,1732,1.234497505345688,133419.34,95.09575196008552,-15.495010691375624,-0.34706343549536706,12,1403
773,48032,100.27557411273486,44336.32,92.56016701461378,-17.808956158663882,-0.2602713987473904,11,479
774,153936,231.83132530120483,73311.6,110.40903614457832,-18.902168674698792,-1.2783283132530119,0,664
775,221,1.3233532934131738,14976.02,89.67676646706587,-12.814670658682633,0.0,12,167
776,1691,1.362610797743755,131440.87,105.91528605962932,-19.263738920225624,-0.9184689766317485,1,1241
777,438,1.547703180212014,34939.7,123.46183745583038,-25.5165371024735,-0.6293286219081272,10,283
778,761,1.1142020497803806,42760.62,62.60705710102489,-11.67130307467057,-0.05215226939970717,1,683
779,1643,1.3612261806130903,109440.20999999999,90.67125932062966,-18.655907207953604,-0.23313173156586578,11,1207
780,58381,68.28187134502924,93029.42,108.80633918128655,-13.935017543859649,-0.17080701754385963,2,855
781,696874,361.0746113989637,307775.91,159.4693834196891,-19.115202072538857,-3.518974093264249,1,1930
782,923136,403.99824945295404,368764.88,161.38506783369803,-11.351934354485776,-0.3460525164113786,1,2285
783,123051,280.93835616438355,47713.15,108.93413242009133,-18.15796803652968,-0.5359132420091325,17,438
784,1293,1.3193877551020408,125680.6,128.24551020408163,-19.138602040816323,-0.0945,0,980
785,1345,1.2870813397129186,100345.08,96.024,-14.67642105263158,0.0,6,1045
786,249,1.2388059701492538,23546.07,117.14462686567164,-18.754427860696516,-0.8860696517412935,19,201
787,1527,1.3186528497409327,105878.98,91.43262521588946,-23.05905872193437,-1.4054145077720208,6,1158
788,643,1.323045267489712,47257.24,97.23711934156378,-18.97746913580247,0.0,26,486
789,192187,150.49882537196555,184672.91,144.61465152701643,-12.036562255285824,-0.16122161315583397,5,1277
790,81281,117.79855072463768,76118.86,110.3171884057971,-12.235550724637681,-0.1316376811594203,0,690
791,112829,140.16024844720496,111110.25,138.0251552795031,-17.797006211180125,-0.12167701863354036,19,805
792,21446,16.953359683794467,114492.59999999999,90.50798418972332,-16.32373122529644,-0.3500079051383399,1,1265
793,160304,93.2,254460.16999999998,147.94195930232559,-18.835994186046513,-0.5755058139534883,1,1720
794,8051,91.48863636363636,10082.87,114.5780681818182,-31.673295454545453,0.0,27,88
795,121824,148.20437956204378,110379.8,134.28199513381995,-8.964233576642336,-0.21666666666666665,4,822
796,20425,86.54661016949153,24555.87,104.05029661016948,-16.674661016949152,0.0,6,236
797,29144,46.55591054313099,81406.04,130.04159744408943,-29.81493610223642,-0.36985623003194884,3,626
798,408,1.7435897435897436,26082.64,111.4642735042735,-21.076965811965813,0.0,14,234
799,15026,7.490528414755733,243972.01,121.62114157527418,-9.483040877367896,0.0,11,2006
800,63841,66.0879917184265,89354.9,92.49989648033126,-15.515341614906832,-0.06820910973084886,4,966
801,1471,1.3864278982092366,143536.17,135.2838548539114,-19.54130065975495,-0.343440150801131,7,1061
802,100008,93.3781512605042,160730.34,150.07501400560224,-20.621288515406164,-1.9755555555555553,3,1071
803,462,1.2486486486486486,31961.01,86.38110810810811,-20.914378378378377,-1.5392972972972971,2,370
804,439,2.0230414746543777,32724.32,150.80331797235024,-39.59216589861751,0.0,14,217
805,812,1.2767295597484276,52860.57,83.1141037735849,-15.97559748427673,-0.14001572327044023,2,636
806,505,1.3151041666666667,54380.78,141.61661458333333,-12.080130208333332,0.0,1,384
807,951,1.124113475177305,70701.62,83.57165484633569,-12.80966903073286,0.0,4,846
808,14029,7.325848563968669,213787.71,111.63849086161879,-12.123676240208878,-0.24645430809399477,1,1915
809,35706,30.157094594594593,128770.96,108.75925675675676,-19.103099662162162,-0.41816722972972975,0,1184
810,13706,10.494640122511486,102741.72,78.6690045941807,-10.589287901990811,0.0,2,1306
811,1729,1.310841546626232,117044.09,88.73699014404852,-14.56710386656558,-0.0675056861258529,1,1319
812,413,1.1440443213296398,25201.72,69.81085872576178,-11.880637119113572,0.0,0,361
813,36359,29.60830618892508,93010.4,75.7413680781759,-17.16345276872964,-0.7947719869706841,9,1228
814,884,1.1362467866323906,58737.17,75.49764781491002,-10.591053984575836,-0.5471208226221079,4,778
815,15697,42.771117166212534,43328.99,118.06264305177112,-20.69122615803815,0.0,32,367
816,577,1.1703853955375254,32860.36,66.65387423935091,-9.148965517241379,-0.1806288032454361,0,493
817,996,1.3105263157894738,67744.38,89.13734210526316,-13.913657894736842,-0.43586842105263157,2,760
818,143,1.2222222222222223,12899.0,110.24786324786325,-14.655726495726496,0.0,37,117
819,961,1.157831325301205,45322.14,54.60498795180723,-5.3994698795180724,0.0,0,830
820,1124,1.1708333333333334,93534.58,97.43185416666667,-12.344427083333333,-0.49309375,18,960
821,538,1.2809523809523808,39958.13,95.13840476190475,-26.21188095238095,-0.5046190476190476,2,420
822,28455,119.05857740585775,27762.19,116.15979079497907,-12.858744769874477,0.0,7,239
823,268112,196.13167520117045,140809.82,103.00645208485736,-22.154294074615947,-2.2364813460131674,2,1367
824,66619,237.07829181494662,31038.72,110.45807829181496,-20.14135231316726,-1.2029537366548044,7,281
825,515,1.1293859649122806,46402.21,101.75923245614035,-10.357039473684212,-0.4366666666666667,34,456
826,329601,347.3140147523709,138175.49,145.60114857744995,-14.476427818756585,-0.5251001053740779,5,949
827,243,1.4727272727272727,15803.1,95.77636363636364,-26.86812121212121,-0.23745454545454545,1,165
828,278048,175.64624131396084,214044.63999999998,135.21455464308275,-21.54951989892609,-0.08775742261528742,1,1583
829,5489,7.94356005788712,55411.62,80.19047756874096,-13.346208393632416,-0.0690738060781476,16,691
830,67803,204.22590361445782,45313.13,136.4853313253012,-12.859518072289156,0.0,4,332
831,177354,166.6860902255639,132189.11,124.23788533834585,-17.478815789473682,-1.5667105263157894,13,1064
832,1122561,597.106914893617,353039.54,187.78698936170213,-18.118409574468085,0.0,3,1880
833,979,1.380818053596615,82803.92,116.78973201692524,-16.896925246826516,-0.2989139633286319,2,709
834,1263,1.1937618147448015,94953.26,89.74788279773156,-16.858544423440453,-0.28785444234404534,0,1058
835,48886,55.0518018018018,120240.42,135.4058783783784,-8.608243243243242,-0.2807657657657658,5,888
836,287,1.341121495327103,22179.05,103.64042056074766,-27.18266355140187,-1.1651401869158877,34,214
837,565,1.2282608695652173,30373.11,66.02850000000001,-14.404130434782608,-0.19358695652173913,4,460
838,407,1.108991825613079,41930.77,114.25277929155313,-10.791743869209808,0.0,5,367
839,246753,206.83403185247275,148588.06,124.54992455993295,-20.240779547359598,-0.1642078792958927,1,1193
840,61100,157.0694087403599,50000.69,128.53647814910028,-22.80503856041131,-0.3195629820051414,4,389
841,504,1.1748251748251748,44039.27,102.65564102564102,-11.53027972027972,0.0,3,429
842,1637,1.1368055555555556,168078.94,116.72148611111112,-10.61779861111111,-0.3628680555555555,0,1440
843,1479,1.3134991119005328,101295.34999999999,89.96034635879218,-31.14291296625222,-0.8854351687388987,3,1126
844,502359,208.7942643391521,256183.26,106.47683291770574,-22.936433915211968,-0.57190357439734,2,2406
845,566,1.2605790645879733,55941.02,124.59024498886413,-26.680044543429844,-4.799554565701559,41,449
846,340,1.1333333333333333,32769.77,109.23256666666666,-15.124166666666667,-0.059366666666666665,25,300
847,64206,186.6453488372093,55301.5,160.76017441860466,-21.380232558139536,-0.4400581395348837,22,344
848,71779,58.54730831973899,117545.5,95.87724306688418,-19.667977161500815,-0.45556280587275694,2,1226
849,10370,20.25390625,40735.73,79.56197265625,-18.199375,0.0,36,512
850,141,1.3823529411764706,9801.86,96.09666666666668,-25.224019607843136,-0.3841176470588235,33,102
851,389836,401.8927835051546,129479.39,133.48390721649486,-11.53540206185567,-0.05691752577319588,6,970
852,17710,15.386620330147698,90434.53,78.57039965247611,-21.25106863596872,-0.16092962641181582,2,1151
853,48524,108.79820627802691,44274.04,99.26914798206278,-18.482085201793723,-0.43926008968609864,6,446
854,659,1.1684397163120568,53272.979999999996,94.45563829787233,-18.14464539007092,-0.03473404255319149,27,564
855,78143,229.158357771261,76745.68,225.0606451612903,-70.07219941348973,-4.2775073313783,0,341
856,6865,11.38474295190713,66236.79,109.84542288557213,-14.357230514096186,-0.1772139303482587,2,603
857,515,1.0934182590233545,48784.13,103.57564755838641,-16.630743099787686,-2.5259023354564754,1,471
858,13716,13.8685540950455,81975.34,82.88709807886754,-14.772113245702728,0.0,0,989
859,705609,350.17816377171215,257181.47,127.63348387096774,-21.90569230769231,-0.5418114143920596,1,2015
860,552,1.078125,54828.67,107.08724609375,-14.14046875,0.0,0,512
861,1813,1.365210843373494,149462.72,112.54722891566266,-17.72027861445783,-0.09387801204819277,5,1328
862,698,1.2508960573476702,62960.18,112.83186379928316,-12.484677419354838,0.0,6,558
863,13364,14.510314875135721,90445.78,98.20388707926168,-17.676091205211726,-0.11563517915309446,8,921
864,909877,512.6067605633802,249159.25,140.37140845070422,-22.628816901408452,-2.099239436619718,9,1775
865,45174,27.180505415162454,155596.98,93.6203249097473,-13.559759326113117,-0.04286401925391095,0,1662
866,883687,395.20885509838996,276567.08,123.6883184257603,-17.598492844364937,-0.1051386404293381,2,2236
867,881,1.3188622754491017,86100.92,128.89359281437126,-22.694940119760478,-0.05866766467065868,3,668
868,278,1.1779661016949152,29090.52,123.2649152542373,-13.008686440677966,0.0,0,236
869,1679,1.5691588785046728,128307.48,119.91353271028036,-24.47021495327103,-0.08322429906542056,5,1070
870,509,1.4022038567493114,40447.82,111.42650137741047,-23.145068870523417,0.0,5,363
871,372903,256.9972432804962,194313.12,133.91669193659544,-16.39685044796692,-0.6480702963473466,6,1451
872,492,1.3937677053824362,51613.57,146.2140793201133,-12.313597733711047,-0.20685552407932015,11,353
873,1452,1.757869249394673,94505.31999999999,114.41322033898304,-30.978934624697334,-0.5411985472154963,7,826
874,638480,455.7316202712348,187577.57,133.88834403997146,-26.922940756602426,-0.5135688793718772,0,1401
875,97493,180.20887245841035,61311.159999999996,113.32931608133086,-21.59759704251386,-1.3773937153419593,54,541
876,895,1.2127371273712737,97683.03,132.3618292682927,-16.219457994579944,-0.39094850948509485,3,738
877,896,1.28,79933.87,114.19124285714285,-18.104485714285712,-0.5490428571428572,1,700
878,113160,67.67942583732058,161514.74,96.59972488038277,-23.542978468899523,-0.958450956937799,0,1672
879,14176,12.657142857142857,107021.09,95.55454464285714,-14.282741071428571,-0.7073035714285714,2,1120
880,54547,98.10611510791367,56230.27,101.13357913669064,-11.828183453237411,-0.01600719424460432,4,556
881,464192,853.2941176470588,114269.1,210.05349264705885,-15.864338235294118,-1.5812867647058824,5,544
882,8888,29.825503355704697,40133.83,134.67728187919462,-19.83241610738255,-0.42432885906040263,3,298
883,144066,274.9351145038168,80068.44,152.80236641221376,-20.514141221374047,-0.10875954198473282,6,524
884,430,1.4144736842105263,31538.63,103.74549342105263,-14.736513157894736,0.0,0,304
885,1030,1.19351100811124,103329.05,119.73238702201623,-12.61983777520278,0.0,2,863
886,966,1.2212389380530972,79421.18,100.4060429835651,-15.911858407079647,-0.30395701643489254,3,791
887,142669,354.89800995024876,55606.9,138.32562189054727,-28.318557213930347,-0.14,0,402
888,10911,23.067653276955603,60689.25,128.3070824524313,-16.190845665961945,-0.12801268498942917,22,473
889,67700,38.796561604584525,162635.91,93.20109455587392,-20.083805157593122,-2.204744985673352,0,1745
890,23439,23.092610837438425,119152.06,117.3911921182266,-26.263290640394086,-0.28495566502463054,9,1015
891,437644,434.6017874875869,118138.0,117.3167825223436,-24.398411122144985,-0.5571002979145978,0,1007
892,13867,47.48972602739726,33995.22,116.42198630136987,-13.757431506849315,-0.09147260273972603,0,292
893,123,1.128440366972477,9054.539999999999,83.0691743119266,-19.358532110091744,0.0,6,109
894,1204,1.2374100719424461,91156.0,93.68550873586845,-28.329578622816033,-1.719486125385406,3,973
895,28917,65.72045454545454,52289.92,118.84072727272726,-16.014295454545454,-0.08095454545454545,3,440
896,172606,216.2982456140351,88525.59,110.93432330827068,-22.312230576441102,-0.8119298245614035,3,798
897,206,1.4305555555555556,12223.3,84.88402777777777,-35.730555555555554,-5.887013888888889,1,144
898,1394845,429.44735221674875,473050.74,145.64370073891627,-15.498959359605912,-0.3618965517241379,5,3248
899,621,1.2370517928286853,60691.81,120.90001992031873,-13.183565737051792,0.0,0,502
900,1213,1.1432610744580585,96123.14,90.59673892554194,-14.441837888784166,-0.03357210179076343,0,1061
901,2868,1.9313131313131313,113306.97,76.3009898989899,-18.478228956228953,-1.9951717171717172,6,1485
902,405,1.1946902654867257,44243.58,130.5120353982301,-9.145457227138643,0.0,3,339
903,114656,292.48979591836735,43696.6,111.47091836734694,-16.958801020408163,-1.4357142857142855,4,392
904,11539,31.44141689373297,53835.36,146.69035422343325,-10.287166212534059,0.0,16,367
905,934,1.1763224181360201,94832.74,119.43670025188918,-18.4954282115869,-0.426183879093199,0,794
906,31036,58.338345864661655,55957.4,105.18308270676692,-19.333026315789475,-3.0785714285714283,55,532
907,119,1.4875,10990.49,137.381125,-13.895875,-1.89225,14,80
908,4126,19.932367149758456,45156.81,218.14884057971014,-15.118840579710145,0.0,17,207
909,353722,381.57713052858685,133194.88,143.6837971952535,-27.422740021574974,-4.568629989212513,2,927
910,20928,28.866206896551724,39942.159999999996,55.09263448275861,-6.12128275862069,0.0,0,725
911,78844,21.90111111111111,433649.02999999997,120.45806388888889,-13.986619444444445,-0.40051944444444443,0,3600
912,172402,305.677304964539,81645.08,144.76078014184398,-24.47593971631206,-1.731081560283688,5,564
913,616,1.2571428571428571,44829.04,91.48783673469389,-15.724836734693877,0.0,4,490
914,98430,187.4857142857143,56381.31,107.39297142857143,-21.4592,-0.9552571428571428,3,525
915,978,1.3833097595473833,85367.84,120.74659123055162,-18.154059405940593,-0.050381895332390375,5,707
916,61947,111.21543985637344,65742.64,118.02987432675044,-15.165547576301615,-1.2821543985637343,40,557
917,329735,348.18901795142557,115271.22,121.72251319957762,-17.232196409714888,-0.07522703273495247,1,947
918,31613,30.841951219512197,91177.33,88.95349268292684,-16.583151219512196,-0.2116390243902439,4,1025
919,343298,591.8931034482758,92121.37,158.82994827586205,-30.025672413793103,-4.972655172413793,2,580
920,20918,37.42039355992844,52155.27,93.30101967799642,-26.744758497316635,-0.12744186046511627,10,559
921,21480,41.14942528735632,36807.479999999996,70.51241379310343,-10.297088122605365,-0.0682375478927203,1,522
922,163074,182.00223214285714,117418.29000000001,131.0471986607143,-13.309598214285714,-0.03975446428571428,1,896
923,55763,189.0271186440678,35503.04,120.34928813559323,-17.492338983050846,-0.1207457627118644,6,295
924,961,1.1648484848484848,89198.77,108.11972121212122,-13.412909090909091,-0.043175757575757576,1,825
925,523,1.1913439635535308,44297.27,100.90494305239179,-17.081503416856492,0.0,1,439
926,485064,244.3647355163728,269352.15,135.6937783375315,-20.974201511335014,-0.2169420654911839,4,1985
927,938554,792.6976351351351,237614.2,200.68766891891892,-17.874011824324324,0.0,4,1184
928,85687,44.53586278586278,195269.27,101.49130457380457,-10.23148128898129,-0.42728170478170474,0,1924
929,60685,103.73504273504274,54500.05,93.16247863247864,-11.539008547008546,-0.1674188034188034,9,585
930,102731,94.24862385321101,95420.7,87.54192660550459,-13.818330275229357,-0.06469724770642202,7,1090
931,880,1.1891891891891893,61769.79,83.4726891891892,-13.546945945945946,-1.3935000000000002,12,740
932,403,1.3127035830618892,51736.31,168.52218241042345,-12.203420195439739,-0.6949837133550488,10,307
933,15615,23.623298033282904,59256.26,89.64638426626324,-20.73836611195159,-1.2636459909228441,8,661
934,523527,167.4750479846449,344588.58,110.23307101727448,-24.13818937939859,-0.16123480486244401,0,3126
935,230536,277.08653846153845,101068.34,121.47637019230768,-24.071358173076923,-0.10703125,2,832
936,1160,1.1229428848015488,105818.41,102.43795740561472,-14.677657308809295,-0.058615682478218786,3,1033
937,310,1.206225680933852,22570.47,87.82284046692608,-15.687976653696499,-0.34649805447470816,0,257
938,280,1.5053763440860215,23075.55,124.06209677419355,-25.703817204301075,-0.7276881720430107,20,186
939,813,1.2152466367713004,52723.7,78.80971599402092,-10.538744394618835,0.0,16,669
940,672,1.0962479608482871,33284.22,54.297259380097884,-7.4138172920065255,0.0,7,613
941,14313,43.504559270516715,39663.81,120.55869300911853,-38.27814589665653,-1.272127659574468,11,329
942,630042,519.4080791426215,175388.76,144.59089859851608,-17.84131904369332,-0.02936521022258862,0,1213
943,626,1.0905923344947734,56015.01,97.58712543554007,-14.53876306620209,-0.1427177700348432,32,574
944,1002,1.1719298245614036,80929.57,94.65446783625733,-11.780619883040936,-0.32287719298245615,3,855
945,761,1.2137161084529506,50479.63,80.50977671451355,-14.025215311004784,0.0,4,627
946,104393,485.54883720930235,34254.53,159.3233953488372,-37.564837209302326,-1.6650232558139533,7,215
947,480030,507.43128964059196,157294.87,166.27364693446088,-17.200412262156448,-0.2353276955602537,2,946
948,260373,105.71376370280146,181840.73,73.82896061713357,-9.000860738936256,-0.11714169711733657,0,2463
949,1016,1.3403693931398417,79008.87,104.2333377308707,-19.164129287598943,-0.1433245382585752,3,758
950,146241,452.75851393188856,38319.78,118.63708978328172,-17.73609907120743,-0.2756965944272446,7,323
951,1223,1.2366026289180991,108659.39,109.86793731041456,-15.337795753286148,-0.48440849342770476,16,989
952,38582,55.11714285714286,67428.52,96.32645714285715,-27.425742857142858,-0.5999285714285714,2,700
953,3913,16.651063829787233,31024.89,132.0208085106383,-33.75855319148936,0.0,45,235
954,547936,892.4039087947883,91621.84,149.22123778501629,-20.816856677524427,-0.2320684039087948,7,614
955,139425,275.54347826086956,61740.52,122.01683794466402,-23.159960474308303,-3.408537549407115,7,506
956,1055,1.2589498806682577,65739.06,78.44756563245824,-11.883102625298328,0.0,0,838
957,1150004,519.658382286489,371124.64,167.7020515137822,-15.742946226841392,-0.08047898779936737,3,2213
958,223338,140.28768844221105,164931.41999999998,103.60013819095477,-18.505489949748743,-0.11141959798994974,2,1592
959,488546,279.16914285714284,217859.46,124.49112,-20.896417142857146,-1.6136685714285715,1,1750
960,34062,215.58227848101265,20046.48,126.87645569620253,-13.316962025316455,0.0,7,158
961,128654,356.38227146814404,55668.55,154.20650969529086,-21.078975069252078,-1.8589473684210525,16,361
962,501359,368.64632352941175,183629.43,135.02163970588234,-13.461507352941178,-0.8627205882352941,1,1360
963,39575,25.73146944083225,150862.0,98.08972691807543,-15.220292587776333,-0.03473992197659298,2,1538
964,342345,295.125,169965.62,146.52208620689655,-19.97510344827586,-0.6752413793103448,2,1160
965,127346,232.3832116788321,72964.25,133.1464416058394,-13.3710401459854,0.0,4,548
966,1413,1.6167048054919908,84464.06,96.64080091533181,-18.25504576659039,-0.1018878718535469,3,874
967,16644,12.220264317180616,156733.77,115.07618942731277,-11.962547723935389,-1.5505580029368577,6,1362
968,499,1.306282722513089,47931.09,125.47405759162302,-20.79937172774869,-0.8858376963350785,9,382
969,89724,136.77439024390245,71679.04,109.26682926829267,-14.082820121951219,0.0,3,656
970,32275,40.90621039290241,88407.31,112.04982256020278,-15.935994930291509,-0.2957034220532319,3,789
971,12482,11.842504743833016,77397.51,73.43217267552181,-13.457277039848197,-0.15885199240986717,4,1054
972,284928,1167.7377049180327,37559.31,153.93159836065573,-11.801967213114754,-0.8379508196721311,0,244
973,10651,11.188025210084033,77621.9,81.53560924369748,-14.776890756302521,-0.15714285714285714,3,952
974,66833,177.74734042553192,34913.06,92.8538829787234,-19.718005319148936,-1.288351063829787,2,376
975,271,1.2904761904761906,20121.29,95.81566666666667,-12.315857142857142,0.0,364,210
976,497,1.1639344262295082,35527.48,83.20252927400469,-19.454824355971894,-0.2585948477751756,1,427
977,1423,1.4402834008097165,71639.17,72.50928137651822,-16.43494939271255,-1.0264271255060728,2,988
978,564172,498.3851590106007,164253.24,145.10003533568903,-12.143348056537103,-0.2658922261484099,3,1132
979,895,1.1997319034852547,100192.05,134.30569705093833,-11.590321715817693,-0.04774798927613941,0,746
980,26426,44.9421768707483,77380.87,131.60011904761905,-20.295442176870747,0.0,5,588
981,223627,220.53944773175542,166799.81,164.4968540433925,-15.839102564102564,-0.23886587771203158,1,1014
982,783,1.4942748091603053,39373.2,75.13969465648854,-7.3923854961832065,-0.03738549618320611,3,524
983,1032,1.425414364640884,87124.37,120.33752762430939,-30.53435082872928,-0.4304834254143646,13,724
984,489,1.19559902200489,29854.14,72.99300733496332,-12.936088019559902,-0.04354523227383863,18,409
985,46938,165.27464788732394,37117.72,130.6961971830986,-18.17718309859155,-0.375,20,284
986,8017,22.840455840455842,29049.56,82.7622792022792,-16.6802849002849,-0.20296296296296296,16,351
987,16035,16.58221302998966,92434.29,95.58871768355739,-13.984477766287487,-0.11050672182006205,10,967
988,31181,46.057607090103396,53355.17,78.81118168389955,-10.031152141802067,-0.0552437223042836,1,677
989,687550,340.3712871287129,281509.17,139.36097524752475,-21.835168316831684,-0.1146138613861386,0,2020
990,9275,16.243432574430823,26110.0,45.72679509632224,-9.786900175131349,-0.024956217162872153,1,571
991,178,1.2992700729927007,16977.78,123.925401459854,-28.162992700729927,-0.52,7,137
992,16113,32.48588709677419,52087.159999999996,105.01443548387095,-9.928306451612903,0.0,11,496
993,281473,270.12763915547026,166169.63,159.47181381957773,-16.136880998080617,-0.04443378119001919,1,1042
994,265090,228.13253012048193,186064.21,160.12410499139415,-16.15734079173838,-0.17778829604130808,2,1162
995,548,1.5013698630136987,51790.84,141.89271232876712,-7.178712328767124,0.0,5,365
996,29689,215.13768115942028,14270.39,103.4086231884058,-14.067391304347826,-0.8647101449275361,0,138
997,7334,6.667272727272727,111827.15,101.66104545454544,-9.59958181818182,-0.1619090909090909,1,1100
998,1597,1.2535321821036107,155797.56,122.29007849293563,-14.07085557299843,-0.35758241758241754,0,1274
999,121620,183.16265060240963,77044.83,116.03137048192771,-19.663840361445782,-1.4537499999999999,2,664
1000,79998,341.87179487179486,40050.18,171.1546153846154,-19.084017094017092,-0.45666666666666667,7,234
1001,511,1.271144278606965,41345.3,102.84900497512439,-18.774651741293532,-0.6113432835820896,49,402
1002,45435,109.7463768115942,45878.19,110.81688405797102,-21.062173913043477,-0.21509661835748792,0,414
1003,298543,317.937167199148,137073.1,145.97774227902025,-15.254132055378061,-0.09483493077742279,12,939
1004,168668,92.93002754820937,195328.75,107.61914600550965,-14.717878787878789,-0.14326721763085398,5,1815
1005,1862,1.1210114388922336,116085.53,69.88894039735099,-10.648922335942204,-0.08577965081276338,4,1661
1006,460,1.1057692307692308,37349.55,89.78257211538462,-11.114879807692308,-0.08562499999999999,72,416
1007,1643,1.2677469135802468,143388.5,110.63927469135803,-10.334621913580246,-0.03023148148148148,1,1296
1008,234,1.1758793969849246,15887.81,79.83824120603015,-9.959145728643216,0.0,0,199
1009,325,1.1524822695035462,17471.81,61.95677304964539,-17.721312056737588,-5.8407446808510635,67,282
1010,1546,4.258953168044077,107227.45,295.3924242424242,-191.18809917355372,-6.37823691460055,11,363
1011,1598625,413.93707923355777,583638.78,151.12345416882445,-13.45273692387364,-0.4435292594510616,0,3862
1012,1739,1.6116774791473587,138063.35,127.95491195551438,-16.293392029657088,-0.18817423540315106,4,1079
1013,5399,24.76605504587156,24286.29,111.405,-19.22490825688073,-0.5065596330275229,20,218
1014,9997,10.726394849785407,102529.92,110.01064377682403,-17.637135193133048,0.0,22,932
1015,279761,418.80389221556885,96092.44,143.85095808383235,-14.135583832335328,-3.455254491017964,5,668
1016,324078,577.6791443850267,87496.83,155.96582887700535,-17.821194295900177,-0.09524064171122995,1,561
1017,352526,192.74248223072718,193445.23,105.76557135046474,-22.82377255330782,-0.21519409513395296,5,1829
1018,646,1.2188679245283018,49733.64,93.83705660377359,-18.017490566037736,-0.22177358490566038,12,530
1019,87296,121.58217270194986,79999.16,111.41944289693593,-28.898217270194984,-0.124025069637883,0,718
1020,327,1.345679012345679,26239.01,107.97946502057613,-16.804567901234567,0.0,2,243
1021,136313,471.6712802768166,48677.78,168.4352249134948,-22.17062283737024,-0.12325259515570933,1,289
1022,1508,1.4472168905950096,167746.23,160.98486564299427,-24.045796545105567,-0.789299424184261,0,1042
1023,12260,4.480994152046784,204217.99,74.64107821637427,-17.113026315789472,-0.18291666666666667,0,2736
1024,98933,274.81388888888887,52111.5,144.75416666666666,-18.419583333333335,0.0,4,360
1025,183794,94.59289758106021,194746.78,100.2299433865157,-15.627318579516212,-1.647143592382913,5,1943
1026,4078,3.2186266771902132,105334.18,83.13668508287292,-16.288208366219415,-0.19819258089976322,2,1267
1027,876,1.4083601286173633,52708.76,84.74077170418006,-15.448633440514469,0.0,3,622
1028,261066,336.8593548387097,121195.49,156.38127741935486,-22.66887741935484,-0.2160258064516129,48,775
1029,4722,10.540178571428571,33053.63,73.78042410714285,-13.596629464285714,-0.5048883928571428,3,448
1030,348,1.7142857142857142,48142.090000000004,237.15315270935963,-21.850935960591134,0.0,3,203
1031,302885,374.85767326732673,104345.52,129.14049504950495,-22.83753712871287,-2.941237623762376,7,808
1032,379,1.226537216828479,36151.21,116.99420711974109,-17.496245954692558,-0.11527508090614885,6,309
1033,696150,247.21235795454547,365523.6,129.80241477272727,-25.332095170454544,-0.2477947443181818,1,2816
1034,636,1.1605839416058394,43904.229999999996,80.11720802919707,-15.721496350364962,0.0,0,548
1035,12026,31.647368421052633,47100.63,123.94902631578947,-30.271236842105264,-0.23434210526315788,0,380
1036,2147,1.3771648492623476,185154.11,118.76466324567029,-17.377883258499036,-0.07996792815907633,7,1559
1037,292178,1614.243093922652,38301.72,211.61171270718233,-10.944198895027625,0.0,0,181
1038,4020,20.721649484536083,27718.28,142.8777319587629,-16.607010309278348,0.0,5,194
1039,348,1.9226519337016574,21492.67,118.74403314917126,-40.254088397790056,-0.6986187845303867,8,181
1040,104803,286.3469945355191,56597.04,154.6367213114754,-10.65568306010929,0.0,3,366
1041,489,1.3109919571045576,34591.12,92.7375871313673,-15.547533512064343,-0.03343163538873995,39,373
1042,578,1.6011080332409973,34282.28,94.96476454293628,-15.573019390581717,-0.6413573407202217,10,361
1043,231760,223.06063522617902,120126.6,115.6175168431184,-17.7551010587103,-0.3681809432146294,40,1039
1044,43921,32.200146627565985,148472.91,108.85110703812317,-33.31796187683284,-1.3547800586510264,2,1364
1045,174236,182.255230125523,104809.34999999999,109.63321129707111,-15.497949790794978,-0.08010460251046025,24,956
1046,2782,1.149586776859504,291597.8,120.49495867768594,-15.779545454545454,-0.23108677685950413,0,2420
1047,9694,15.146875,71143.44,111.161625,-13.234796875,-0.05565625,19,640
1048,76714,150.41960784313724,59535.61,116.73649019607844,-19.695098039215686,0.0,5,510
1049,11986,41.47404844290657,42494.5,147.03979238754326,-19.73266435986159,-0.739515570934256,1,289
1050,306,1.2911392405063291,23291.42,98.27603375527426,-16.655569620253164,-0.7514767932489451,14,237
1051,12479,48.55642023346304,21742.75,84.602140077821,-13.423268482490274,-0.31879377431906614,8,257
1052,976,1.1322505800464038,88813.56999999999,103.03198375870069,-17.234965197215775,-4.978932714617169,5,862
1053,105551,340.48709677419356,57120.75,184.26048387096773,-33.16893548387097,-0.287258064516129,2,310
1054,13957,27.0484496124031,36000.75,69.7688953488372,-25.22437984496124,0.0,4,516
1055,97044,56.15972222222222,177506.71,102.72379050925926,-14.328373842592592,-0.26178819444444446,0,1728
1056,140655,85.66077953714982,141073.79,85.91582825822168,-16.732838002436054,-0.9876857490864799,4,1642
1057,32816,103.19496855345912,31254.24,98.28377358490566,-23.560691823899372,-0.11201257861635219,0,318
1058,706,1.1517128874388254,66871.44,109.08880913539967,-11.501125611745513,0.0,1,613
1059,1132,1.559228650137741,76232.7,105.00371900826445,-16.08133608815427,-0.12511019283746555,1,726
1060,7317,13.450367647058824,37336.25,68.6328125,-12.529485294117647,0.0,1,544
1061,1960,1.3470790378006874,159063.84,109.32222680412372,-16.092982817869416,-0.9762817869415807,0,1455
1062,1029,1.7064676616915422,71853.53,119.16008291873963,-34.54373134328358,-0.25104477611940296,5,603
1063,50612,102.04032258064517,51864.9,104.56633064516129,-18.9123185483871,-1.4498790322580646,5,496
1064,291246,137.5099150141643,295940.73,139.72650141643058,-21.427507082152975,-0.2968319169027384,0,2118
1065,16645,30.208711433756807,46915.03,85.14524500907442,-12.330998185117968,-0.29413793103448277,0,551
1066,379,1.3781818181818182,30130.489999999998,109.56541818181817,-49.40923636363637,-0.3885454545454545,15,275
1067,43977,45.33711340206185,112354.85,115.82974226804124,-12.1860412371134,-0.23318556701030926,1,970
1068,278626,143.10529019003596,305572.4,156.9452491011813,-43.38142270159219,-1.6264047252182843,3,1947
1069,19701,73.51119402985074,100600.45,375.3748134328358,-8.607238805970148,0.0,0,268
1070,446158,408.9440879926673,162285.14,148.7489825847846,-12.663730522456461,-3.6474610449129234,3,1091
1071,5857,7.747354497354498,76488.98,101.17589947089947,-17.88873015873016,-0.2073148148148148,13,756
1072,27926,53.395793499043975,51690.88,98.83533460803059,-25.49034416826004,-0.6926577437858509,78,523
1073,888,1.162303664921466,70343.28,92.07235602094241,-12.984947643979057,-0.5757722513089005,5,764
1074,214,1.064676616915423,22513.06,112.00527363184081,-10.230398009950248,0.0,4,201
1075,56003,138.62128712871288,55921.7,138.4200495049505,-17.00398514851485,-0.07495049504950495,7,404
1076,225535,131.81472822910578,230421.37,134.67058445353595,-15.929713617767387,0.0,2,1711
1077,3173,5.615929203539823,47653.090000000004,84.34175221238938,-8.196,0.0,0,565
1078,370,1.6742081447963801,24438.87,110.5831221719457,-7.156153846153846,-0.40294117647058825,6,221
1079,885,1.344984802431611,66452.3,100.99133738601824,-18.365243161094224,0.0,17,658
1080,16539,45.81440443213297,53673.55,148.6801939058172,-22.819224376731302,-0.09867036011080332,61,361
1081,205981,381.4462962962963,69842.1,129.33722222222224,-22.50201851851852,-0.1649074074074074,35,540
1082,316443,606.2126436781609,91601.97,175.48270114942528,-18.02323754789272,-0.7778735632183909,8,522
1083,1455,1.425073457394711,93517.36,91.59388834476005,-20.063026444662096,-1.2709402546523016,3,1021
1084,19213,12.245379222434671,137212.62,87.45227533460803,-17.662797960484387,-0.027246653919694074,0,1569
1085,171387,238.36856745479832,67110.05,93.33803894297635,-12.411835883171072,-0.3710431154381085,0,719
1086,140179,172.84710234278668,79617.74,98.17230579531443,-33.02553637484587,-5.960850801479655,1,811
1087,149514,228.96477794793262,87550.23,134.07385911179173,-17.570872894333846,-0.05454823889739663,4,653
1088,410,1.191860465116279,33430.28,97.1810465116279,-19.08968023255814,-0.25886627906976745,13,344
1089,1334,1.2160437556973565,83465.37,76.08511394712853,-19.063536918869644,-0.16235186873290794,4,1097
1090,296,1.2595744680851064,23449.239999999998,99.78399999999999,-18.89182978723404,0.0,15,235
1091,1141146,442.9914596273292,328419.19,127.49192158385094,-20.686781832298138,-0.4739984472049689,0,2576
1092,644,1.4061135371179039,78983.58,172.45323144104805,-14.772838427947597,-0.07777292576419213,3,458
1093,190614,140.57079646017698,184083.74,135.75497050147493,-16.593945427728613,-0.6553908554572271,0,1356
1094,27496,37.97790055248619,70762.71,97.73854972375692,-17.697720994475137,-0.049198895027624305,0,724
1095,23492,9.979609175870857,206979.59,87.92675870858113,-16.007969413763806,-0.04615123194562447,1,2354
1096,6955,24.750889679715304,28162.47,100.22231316725978,-22.033629893238434,0.0,17,281
1097,24481,26.26716738197425,138192.72,148.27545064377682,-22.722489270386266,-0.06688841201716739,5,932
1098,761,1.101302460202605,60324.72,87.30060781476122,-13.609377713458755,-0.05154848046309696,0,691
1099,188228,392.96033402922757,81807.44,170.78797494780792,-17.39555323590814,-1.226972860125261,1,479
1100,1272,1.2745490981963927,99663.72,99.86344689378758,-14.900721442885771,-0.6335170340681363,1,998
1101,1172,1.3739742086752638,75683.2,88.72590855803048,-14.071817116060961,-0.4359671746776084,0,853
1102,203,1.2848101265822784,22289.44,141.07240506329114,-13.855506329113924,0.0,2,158
1103,1060691,573.0367368989736,226337.83,122.27867639113991,-13.190831982712048,-0.16357104267963263,1,1851
1104,51220,59.627473806752036,72476.63,84.37325960419092,-23.79942956926659,-0.1969615832363213,2,859
1105,142253,246.53899480069325,80623.48,139.72873483535528,-14.069012131715771,-0.061733102253032926,7,577
1106,90091,127.24717514124293,71457.98,100.92935028248587,-15.671228813559322,-0.4276412429378531,2,708
1107,460,1.3031161473087818,47799.15,135.40835694050992,-19.74016997167139,0.0,1,353
1108,385,1.1323529411764706,25193.43,74.09832352941177,-16.131676470588236,0.0,2,340
1109,273940,192.91549295774647,199533.39,140.51647183098592,-7.544640845070422,-0.1254225352112676,1,1420
1110,506,1.4293785310734464,39630.26,111.94988700564973,-13.725621468926553,0.0,10,354
1111,45697,95.40083507306889,48115.03,100.44891440501044,-22.421127348643004,-1.7772442588726514,5,479
1112,124961,187.34782608695653,68342.36,102.46230884557721,-19.648230884557723,-0.26701649175412295,265,667
1113,8492,15.610294117647058,43532.99,80.02387867647059,-14.249761029411765,-0.4092279411764706,13,544
1114,5053,5.814729574223245,82803.95,95.28647871116225,-12.62301495972382,-0.4406444188722669,4,869
1115,115978,44.72734284612418,201757.56,77.80854608561512,-23.786432703432318,-1.385896644812958,0,2593
1116,40173,80.02589641434263,54352.659999999996,108.2722310756972,-12.026812749003984,0.0,1,502
1117,1106,1.2021739130434783,92163.0,100.17717391304348,-25.375641304347827,-0.2903586956521739,0,920
1118,702,1.2424778761061948,52849.78,93.53943362831858,-16.831433628318585,-0.6682477876106194,9,565
1119,493282,1051.773987206823,95364.75,203.3363539445629,-19.726226012793177,-0.5384648187633263,4,469
1120,1038,1.2751842751842752,95152.56,116.89503685503685,-15.125257985257985,-0.032813267813267814,5,814
1121,4475,1.9774635439681838,388086.92,171.49223155103843,-12.722412726469289,-0.14543526292532039,2,2263
1122,553091,381.1791867677464,209415.46,144.32492074431426,-18.76793246037216,-0.37558924879393524,0,1451
1123,14940,16.93877551020408,83901.66,95.12659863945579,-15.103843537414965,0.0,1,882
1124,54434,36.483914209115284,162259.77,108.75319705093833,-15.88024128686327,-0.023873994638069704,1,1492
1125,363,1.2019867549668874,36374.93,120.4467880794702,-13.970960264900661,-0.23589403973509931,14,302
1126,470,1.1989795918367347,31402.739999999998,80.1090306122449,-15.332882653061224,-0.36801020408163265,4,392
1127,135427,238.8483245149912,93897.36,165.60380952380953,-7.996666666666666,-0.06282186948853614,0,567
1128,35339,93.98670212765957,44515.13,118.39130319148936,-22.868829787234045,-0.568404255319149,0,376
1129,10982,15.273991655076495,98595.27,137.12833101529904,-15.40605006954103,-0.7029763560500695,3,719
1130,106386,168.59904912836768,74375.42,117.86912836767036,-20.13781299524564,-0.42055467511885897,3,631
1131,170491,189.43444444444444,93802.72,104.22524444444444,-13.885677777777778,-1.5312444444444444,3,900
1132,368,1.3529411764705883,27174.07,99.90466911764706,-15.614963235294116,-0.26191176470588234,346,272
1133,27318,31.436133486766398,99346.56999999999,114.3228653624856,-12.601369390103567,0.0,3,869
1134,42952,58.91906721536351,81064.39,111.19943758573388,-14.688998628257888,-0.08550068587105623,1,729
1135,5039,5.157625383828045,81243.81,83.15640736949847,-13.896847492323438,-0.036458546571136126,7,977
1136,534366,264.66864784546806,231669.54,114.74469539375929,-17.01745913818722,-2.2606835066864783,0,2019
1137,815,1.3837011884550086,65840.59,111.7836842105263,-32.04762308998302,-0.3477249575551783,0,589
1138,89070,242.69754768392372,55913.24,152.35215258855584,-28.5599727520436,0.0,7,367
1139,759,1.3362676056338028,39448.58,69.45172535211267,-14.455404929577465,0.0,2,568
1140,9720,7.813504823151125,157654.52,126.73192926045016,-13.35944533762058,-0.18897106109324757,129,1244
1141,269888,287.11489361702127,150493.62,160.09959574468084,-16.375063829787234,-0.4679893617021276,8,940
1142,319748,385.23855421686744,107464.36,129.47513253012048,-20.13790361445783,-2.1217590361445784,0,830
1143,391,1.0952380952380953,26844.63,75.19504201680672,-15.076918767507003,-0.2045378151260504,3,357
1144,5793,10.27127659574468,58984.67,104.58274822695036,-24.208794326241136,-1.3578546099290778,4,564
1145,75455,80.10084925690022,101745.75,108.01035031847134,-20.621369426751592,-0.42539278131634817,5,942
1146,511539,256.1537305958938,249252.37,124.8134051076615,-14.435157736604907,-0.32819729594391583,0,1997
1147,86934,162.49345794392522,68718.9,128.44654205607475,-11.294635514018692,0.0,1,535
1148,138457,185.35073627844713,149741.02,200.45651941097722,-28.256706827309234,-1.2650334672021417,0,747
1149,684,1.1692307692307693,36753.06,62.82574358974359,-5.00025641025641,-0.42622222222222217,3,585
1150,185,2.1264367816091956,10448.02,120.09218390804598,-6.313218390804598,-0.22517241379310346,29,87
1151,524,1.4162162162162162,44171.78,119.38318918918918,-13.724270270270269,-0.25029729729729727,2,370
1152,14038,5.17243920412675,282584.56,104.12106116433309,-11.929771554900515,-0.18098747236551216,2,2714
1153,22213,54.57739557739558,51603.549999999996,126.79004914004913,-22.24027027027027,-0.21879606879606878,5,407
1154,161177,85.05382585751978,259543.46,136.96224802110817,-9.750891820580474,-0.07143007915567282,4,1895
1155,862,1.486206896551724,52967.37,91.32305172413794,-23.267,-1.3701206896551723,3,580
1156,464609,444.6019138755981,151926.86,145.38455502392344,-11.98868899521531,-0.028976076555023923,2,1045
1157,899961,449.9805,284941.16,142.47057999999998,-16.475755,-0.23153,24,2000
1158,335440,260.031007751938,173431.76,134.44322480620156,-14.049007751937985,0.0,3,1290
1159,10582,9.533333333333333,96763.81,87.1746036036036,-11.603990990990992,-1.9343873873873874,0,1110
1160,78664,192.33251833740832,46206.79,112.97503667481662,-16.38518337408313,-0.4789975550122249,5,409
1161,657,1.2010968921389398,62378.08,114.03670932358318,-16.815557586837297,-1.7972577696526506,12,547
1162,454,1.5133333333333334,45861.88,152.87293333333332,-17.551099999999998,-0.029666666666666668,4,300
1163,27324,154.3728813559322,19297.03,109.02276836158191,-16.181751412429378,-0.5212429378531073,4,177
1164,691,1.559819413092551,40780.32,92.05489841986456,-19.569097065462756,-0.6633408577878104,1,443
1165,116278,260.12975391498884,60677.979999999996,135.7449217002237,-27.84234899328859,-1.21917225950783,26,447
1166,397929,180.87681818181818,325019.32,147.73605454545455,-11.505799999999999,-0.16028636363636364,4,2200
1167,1707,1.1780538302277432,150336.95,103.75220841959973,-9.378371290545203,-0.07251897860593513,0,1449
1168,36727,43.25912838633687,71153.96,83.80914016489989,-21.016866902237926,-1.447444051825677,0,849
1169,123755,201.55537459283389,92756.04,151.06846905537458,-19.114657980456027,-0.4901954397394136,2,614
1170,319736,251.36477987421384,135779.73,106.74507075471699,-17.30755503144654,-0.1680188679245283,0,1272
1171,538,1.4579945799457994,46199.06,125.20070460704606,-20.22341463414634,0.0,10,369
1172,1444,1.5216016859852477,81756.22,86.14986301369863,-13.273877766069546,-0.4973340358271865,0,949
1173,136002,341.713567839196,52907.2,132.9326633165829,-14.594396984924622,-0.08949748743718593,4,398
1174,13473,20.108955223880596,61315.96,91.51635820895522,-17.122910447761196,-0.18341791044776118,2,670
1175,151,1.2276422764227641,14775.54,120.12634146341465,-23.164634146341463,-1.4479674796747968,2,123
1176,36858,100.98082191780821,46666.58,127.85364383561644,-16.750986301369863,-1.752630136986301,21,365
1177,298,1.1203007518796992,31435.53,118.17868421052631,-9.59718045112782,-0.40169172932330827,6,266
1178,100103,83.69816053511705,120928.34999999999,101.11066053511705,-20.053177257525082,-0.10721571906354517,3,1196
1179,664,1.2868217054263567,56818.37,110.11312015503877,-17.342480620155037,-0.5176937984496124,21,516
1180,130,1.5662650602409638,23483.14,282.9293975903614,-36.684457831325304,-2.3603614457831323,8,83
1181,28527,42.013254786450666,62856.36,92.5719587628866,-14.721973490427098,0.0,0,679
1182,12346,6.2765632943568885,250426.57,127.31396542958821,-19.295216065073717,-0.7641586171835282,5,1967
1183,1337,1.293036750483559,142399.05,137.71668278529978,-12.076266924564797,-0.08612185686653771,6,1034
1184,7671,2.9583494022367915,264796.29,102.11966448129579,-15.216683378326262,-0.6682992672580023,4,2593
1185,20383,64.50316455696202,40951.98,129.59487341772152,-16.17892405063291,-0.5636075949367089,14,316
1186,202701,167.2450495049505,163394.35,134.8138201320132,-17.63504125412541,-0.02203795379537954,1,1212
1187,338688,208.80887792848335,145418.74,89.65397040690505,-14.918803945745992,-0.8140813810110974,38,1622
1188,152332,499.4491803278689,35537.1,116.5150819672131,-13.999213114754099,0.0,3,305
1189,1154,1.8173228346456693,59615.479999999996,93.88264566929134,-14.615338582677165,-0.42070866141732277,8,635
1190,889,1.1397435897435897,103932.43,133.24670512820512,-8.662576923076923,0.0,6,780
1191,8672,12.7905604719764,63154.88,93.14879056047197,-14.397050147492626,-0.15761061946902652,1,678
1192,2222,1.3062904174015284,157233.71,92.43604350382128,-15.90763668430335,-0.20206937095825986,1,1701
1193,85447,155.3581818181818,67315.56,122.39192727272727,-23.113272727272726,-0.7966,48,550
1194,161815,190.59481743227326,90550.31,106.65525323910482,-20.8662308598351,-1.4323203769140165,14,849
1195,310,1.1191335740072201,37939.14,136.96440433212996,-13.523862815884478,-0.032129963898916966,77,277
1196,38024,177.6822429906542,20192.63,94.35808411214954,-30.22518691588785,-1.3066355140186916,1,214
1197,52716,101.57225433526011,60377.65,116.33458574181118,-10.382485549132948,-0.06863198458574181,3,519
1198,353212,468.45092838196285,108028.78,143.27424403183025,-13.856923076923076,-1.1054111405835545,0,754
1199,44505,32.48540145985402,141078.26,102.97683211678833,-16.235379562043796,-0.408978102189781,1,1370
1200,112572,174.80124223602485,72723.51,112.92470496894408,-9.7572049689441,0.0,2,644
1201,1318,1.4977272727272728,97687.28,111.00827272727273,-17.60775,0.0,12,880
1202,81466,149.2051282051282,54266.19,99.38862637362638,-22.757967032967034,-1.4254395604395604,3,546
1203,1134,1.1512690355329949,82319.93,83.57353299492385,-13.524497461928933,-0.10848730964467004,6,985
1204,793,1.319467554076539,66745.48,111.0573710482529,-15.674475873544095,-0.1659567387687188,10,601
1205,621,1.3648351648351649,47491.28,104.37643956043956,-31.468131868131866,-0.2192087912087912,4,455
1206,238233,676.7982954545455,73514.18,208.84710227272726,-16.893011363636365,-0.055653409090909094,3,352
1207,104255,229.636563876652,52764.04,116.2203524229075,-19.740638766519822,-0.23458149779735682,0,454
1208,754877,524.2201388888889,272845.96,189.47636111111112,-11.434569444444444,-4.113520833333333,0,1440
1209,193954,182.63088512241055,108517.95999999999,102.18263653483992,-15.039444444444444,-0.46117702448210923,4,1062
1210,25514,14.621203438395415,137455.26,78.77092263610315,-12.618011461318051,-0.37763323782234953,6,1745
1211,153983,293.8606870229008,62903.229999999996,120.0443320610687,-18.362519083969463,0.0,2,524
1212,831,1.0505689001264222,55206.97,69.79389380530974,-10.730505689001264,-0.18012642225031605,16,791
1213,7060,33.459715639810426,14136.24,66.9963981042654,-10.615118483412322,0.0,6,211
1214,25197,72.40517241379311,51701.06,148.56626436781607,-12.637758620689654,0.0,5,348
1215,113153,92.59656301145662,127347.42,104.21229132569557,-16.680384615384614,-0.21278232405891978,0,1222
1216,480319,318.3028495692512,213477.92,141.46979456593772,-15.557687210072896,-0.7376408217362491,1,1509
1217,19962,32.83223684210526,67668.06,111.29615131578947,-20.32970394736842,0.0,4,608
1218,9461,9.673824130879346,138571.21,141.68835378323107,-19.363609406952964,0.0,7,978
1219,415,1.097883597883598,25835.75,68.34854497354497,-11.382407407407408,-0.4146031746031746,0,378
1220,336,1.3770491803278688,25816.16,105.8039344262295,-16.84901639344262,0.0,18,244
1221,166,1.3949579831932772,10144.14,85.24487394957983,-19.198823529411765,-0.7483193277310924,24,119
1222,724,1.326007326007326,58140.67,106.48474358974359,-14.684835164835166,-0.0260989010989011,19,546
1223,11135,37.874149659863946,39141.55,133.1345238095238,-18.121394557823127,0.0,2,294
1224,192818,137.9241773962804,163298.22,116.80845493562232,-18.07829756795422,-0.5057439198855508,2,1398
1225,453,1.1675257731958764,41380.61,106.65105670103092,-16.51355670103093,-0.918041237113402,11,388
1226,437943,415.5056925996205,152524.27,144.70993358633774,-24.37449715370019,-1.1338235294117647,4,1054
1227,456,1.2225201072386058,31315.18,83.95490616621984,-19.06166219839142,-0.12796246648793566,6,373
1228,63437,104.33717105263158,67021.56,110.23282894736842,-10.748503289473684,-0.10251644736842105,0,608
1229,5175,9.0,56509.01,98.27653913043478,-14.412399999999998,-0.9756869565217391,17,575
1230,647,1.1553571428571427,41985.17,74.97351785714285,-14.107982142857143,-0.4567142857142857,11,560
1231,554412,871.7169811320755,112289.87,176.55639937106918,-23.36805031446541,-1.1895440251572327,0,636
1232,9493,8.261966927763272,97756.01,85.07920800696257,-15.144873803307222,-0.14105308964316796,4,1149
1233,732,1.4758064516129032,43026.93,86.74784274193549,-14.330423387096776,0.0,14,496
1234,630,1.1819887429643527,40307.77,75.6243339587242,-19.49643527204503,-0.22589118198874295,2,533
1235,4004,15.10943396226415,23062.53,87.02841509433962,-16.912000000000003,-0.013433962264150943,0,265
1236,421361,402.44603629417384,144537.94,138.04960840496656,-17.881260744985674,-0.07825214899713467,10,1047
1237,7923,11.720414201183432,55693.8,82.38727810650887,-12.162366863905326,-0.1844230769230769,1,676
1238,236932,203.02656383890317,157968.87,135.36321336760926,-20.13579263067695,-0.38885175664095967,39,1167
1239,435355,187.08852599914053,405811.07,174.39238074774389,-13.257348517404383,-2.0595444778685,2,2327
1240,1116,1.1859723698193412,88073.62,93.59577045696068,-11.163103081827842,-0.26459086078639743,5,941
1241,64420,169.9736147757256,37080.45,97.83759894459102,-10.43688654353562,-0.11746701846965699,3,379
1242,25872,142.939226519337,27154.03,150.02226519337015,-33.41198895027624,-4.978895027624309,2,181
1243,82936,101.14146341463415,96826.56999999999,118.08118292682926,-17.839853658536587,-0.10859756097560976,19,820
1244,299,1.541237113402062,18825.02,97.0361855670103,-24.107628865979382,-0.06427835051546392,9,194
1245,233014,277.72824791418356,83179.17,99.1408462455304,-10.909928486293207,0.0,4,839
1246,1669,1.2362962962962962,163455.85,121.07840740740741,-16.415274074074073,-0.6477481481481481,5,1350
1247,828,1.283720930232558,45861.47,71.1030542635659,-26.0455503875969,-0.2761240310077519,4,645
1248,320387,373.41142191142194,163500.78,190.56034965034965,-29.810617715617713,-2.0375407925407925,15,858
1249,94859,133.0420757363254,62315.25,87.39866760168303,-16.388765778401122,-0.8142215988779803,3,713
1250,309471,450.46724890829694,90971.6,132.41863173216885,-22.052940320232896,-2.149068413391557,4,687
1251,50629,143.42492917847025,28548.28,80.87331444759207,-17.83399433427762,-0.25223796033994333,13,353
1252,216470,89.11897900370523,296679.05,122.14040757513379,-17.09151914368053,-0.1796335940716344,1,2429
1253,596,1.2238193018480492,68633.65,140.93151950718683,-18.618747433264886,-0.02560574948665298,0,487
1254,84809,116.3360768175583,95490.56,130.98842249657065,-12.943799725651578,-0.07573388203017833,12,729
1255,1236,1.1476323119777159,56008.29,52.00398328690808,-9.653593314763231,0.0,1,1077
1256,43410,96.6815144766147,41289.53,91.95886414253897,-22.537995545657015,-0.07933184855233852,7,449
1257,2533,1.1825396825396826,216844.88,101.23477124183007,-14.516680672268908,-1.942796451914099,0,2142
1258,53435,72.11201079622133,78809.29,106.35531713900134,-24.72813765182186,-1.1488663967611334,5,741
1259,442205,353.1988817891374,182532.68,145.792875399361,-19.4839696485623,-0.3968849840255591,5,1252
1260,565,1.2150537634408602,49786.3,107.067311827957,-13.521053763440861,-0.8158064516129031,6,465
1261,31495,79.93654822335026,52599.03,133.50007614213197,-25.985380710659896,-0.5334010152284264,233,394
1262,443,1.5381944444444444,27844.75,96.68315972222223,-30.011875,0.0,4,288
1263,330934,188.88926940639269,188945.29,107.84548515981736,-19.34564497716895,-0.5157990867579908,4,1752
1264,498,1.21760391198044,33130.98,81.00484107579463,-13.528459657701712,-0.09579462102689487,16,409
1265,437,1.15,28601.23,75.2663947368421,-12.374736842105262,0.0,11,380
1266,1208,1.1682785299806577,127825.12,123.62197292069632,-13.868268858800773,-0.9139071566731142,6,1034
1267,811,1.3584589614740368,42949.67,71.94249581239531,-12.95428810720268,-0.13423785594639867,23,597
1268,348315,278.4292565947242,122089.08,97.59318944844125,-15.781950439648282,-0.028473221422861707,6,1251
1269,739,1.3149466192170818,54079.77,96.2273487544484,-15.23021352313167,-0.04752669039145908,4,562
1270,25029,11.465414567109482,270707.27999999997,124.00699954191478,-19.7165002290426,-1.2658634906092534,9,2183
1271,2102,1.36404931862427,169717.93,110.134931862427,-16.316450356911094,-0.023114860480207656,1,1541
1272,344,1.3705179282868525,30827.22,122.81760956175299,-23.104741035856573,-0.14191235059760954,4,251
1273,152969,200.22120418848166,112275.36,146.95727748691098,-15.156557591623038,-1.7175785340314136,4,764
1274,687,1.464818763326226,47275.48,100.80059701492539,-23.663304904051174,-0.03797441364605544,6,469
1275,318,1.2979591836734694,31994.84,130.5911836734694,-27.318326530612243,-0.1453877551020408,12,245
1276,18426,33.68555758683729,53185.26,97.23082266910421,-16.118135283363802,-0.8980073126142596,0,547
1277,54783,385.7957746478873,35791.9,252.0556338028169,-22.362957746478873,0.0,42,142
1278,92697,295.21337579617835,53039.08,168.91426751592357,-14.81404458598726,-0.6681528662420383,0,314
1279,161707,312.77949709864606,50029.79,96.76941972920696,-11.702862669245649,-0.25423597678916826,2,517
1280,420,1.3461538461538463,24719.34,79.22865384615385,-17.496891025641023,-0.268301282051282,23,312
1281,16938,39.667447306791566,57112.84,133.75372365339578,-10.882622950819673,-0.0659016393442623,16,427
1282,489,1.297082228116711,37090.51,98.38331564986738,-14.791246684350133,0.0,10,377
1283,12445,44.44642857142857,30000.9,107.14607142857143,-24.679321428571427,-0.09539285714285714,429,280
1284,93663,108.40625,121540.53,140.6719097222222,-17.860266203703706,-0.0824537037037037,3,864
1285,32338,46.596541786743515,115373.74,166.24458213256486,-26.356585014409223,-1.169221902017291,22,694
1286,9866,24.48138957816377,31104.44,77.18223325062034,-11.422928039702231,-0.22096774193548385,6,403
1287,301,1.2386831275720165,24891.4,102.43374485596708,-11.560987654320986,0.0,10,243
1288,16322,122.7218045112782,19244.64,144.69654135338345,-15.428947368421055,0.0,45,133
1289,262117,295.50958286358514,112765.5,127.13134160090192,-16.19270574971815,-0.22086809470124014,22,887
1290,376016,482.07179487179485,121948.2,156.34384615384616,-28.16592307692308,0.0,1,780
1291,250002,242.95626822157433,146126.57,142.00832847424684,-15.373236151603498,-0.2042371234207969,87,1029
1292,43987,55.89199491740788,79011.38,100.39565438373572,-17.76476493011436,-0.13578144853875476,1,787
1293,31553,85.27837837837838,44879.42,121.29572972972973,-14.481810810810812,-0.0337027027027027,2,370
1294,559,1.1384928716904277,57004.6,116.0989816700611,-16.96547861507128,-0.5506313645621181,9,491
1295,182948,336.3014705882353,62057.0,114.07536764705883,-25.790955882352943,-0.5395220588235294,0,544
1296,137896,151.7007700770077,124594.42,137.0675687568757,-10.183234323432343,-0.14302530253025303,4,909
1297,569,1.611898016997167,39613.909999999996,112.22070821529744,-21.414390934844192,0.0,0,353
1298,53471,39.75539033457249,124424.03,92.50857249070631,-23.55350185873606,-0.5826171003717472,2,1345
1299,593,1.4788029925187032,41022.3,102.30000000000001,-23.4228927680798,-0.13768079800498753,2,401
1300,21498,23.754696132596685,102704.65,113.48580110497237,-10.884696132596686,-0.17710497237569062,2,905
1301,631,1.0898100172711571,56339.42,97.30469775474957,-17.046390328151986,-0.5998272884283247,1,579
1302,18913,41.47587719298246,66682.55,146.23366228070176,-39.541907894736845,-0.894407894736842,2,456
1303,32267,49.26259541984733,48833.3,74.55465648854963,-18.48192366412214,-0.5791603053435115,0,655
1304,511,1.337696335078534,40730.57,106.62452879581151,-17.54591623036649,-0.027984293193717275,6,382
1305,81439,75.4763670064875,118203.65,109.54925857275255,-20.793762743280816,-0.7279147358665431,0,1079
1306,378,1.207667731629393,33839.52,108.113482428115,-12.78661341853035,-0.02843450479233227,3,313
1307,3853,17.513636363636362,18595.38,84.52445454545455,-14.429545454545455,-0.2995,64,220
1308,150931,198.59342105263158,92561.54,121.79149999999998,-20.69590789473684,-0.2530921052631579,0,760
1309,550640,316.2780011487651,201816.8,115.9200459506031,-14.48441125789776,-0.4981906950028719,0,1741
1310,143052,434.8085106382979,67334.13,204.66300911854105,-31.761246200607903,-0.36808510638297876,99,329
1311,8980,10.72879330943847,103904.21,124.13884109916368,-18.195507765830346,0.0,1,837
1312,76957,48.954834605597966,132223.99,84.11195292620864,-13.378555979643766,-0.2424554707379135,9,1572
1313,322,1.872093023255814,22916.71,133.23668604651164,-17.654418604651163,0.0,10,172
1314,342048,464.1085481682497,94443.25,128.1455223880597,-19.16776119402985,-0.3286431478968792,0,737
1315,297169,243.38165438165439,166470.78,136.33970515970515,-18.652932022932024,-1.2558476658476658,0,1221
1316,7633,17.506880733944953,51701.8,118.58211009174313,-28.734403669724774,-0.08169724770642202,0,436
1317,316597,153.0193330111165,249420.47,120.55121797970034,-24.441459642339293,-0.42420009666505554,0,2069
1318,8726,11.588313413014609,86749.59,115.20529880478087,-18.76561752988048,-0.08277556440903054,0,753
1319,456737,305.1015364061456,178539.88999999998,119.26512358049432,-22.47553106212425,-0.31170340681362724,0,1497
1320,1677,1.5986653956148713,83335.63,79.44292659675882,-15.334404194470926,-0.22241182078169686,3,1049
1321,162279,267.3459637561779,70288.4,115.7963756177924,-17.737545304777594,-3.0214827018121913,79,607
1322,696,1.5432372505543237,43901.1,97.34168514412417,-19.48988913525499,0.0,6,451
1323,57887,61.25608465608465,64527.93,68.28352380952381,-10.43410582010582,-0.19223280423280423,9,945
1324,691289,674.4282926829268,227889.46,222.33118048780486,-43.53352195121951,-0.5174439024390244,4,1025
1325,177,1.3014705882352942,14993.8,110.24852941176471,-18.49889705882353,-0.19647058823529412,49,136
1326,52388,663.1392405063291,13069.99,165.44291139240505,-15.267341772151898,0.0,27,79
1327,22073,38.79261862917399,47854.54,84.10288224956064,-26.928031634446395,-0.7687346221441124,13,569
1328,555,1.28175519630485,52234.98,120.63505773672057,-29.20030023094688,-0.25501154734411086,0,433
1329,825,1.3524590163934427,61342.38,100.56127868852458,-23.43983606557377,0.0,2,610
1330,3910,10.343915343915343,38835.99,102.74071428571428,-27.22939153439153,-0.3533597883597883,3,378
1331,714,1.3197781885397413,53133.08,98.21271719038818,-17.22362292051756,-0.04937153419593346,2,541
1332,241131,126.18053375196233,262907.36,137.57580324437467,-10.848833071690214,-0.7476242804814234,5,1911
1333,93182,199.10683760683762,65371.47,139.6826282051282,-86.14027777777778,-13.629081196581197,0,468
1334,44307,51.340672074159905,86368.38,100.07923522595597,-21.6086674391657,-0.8560254924681344,6,863
1335,21926,33.32218844984803,52726.9,80.13206686930091,-13.839726443768996,-1.660835866261398,7,658
1336,1347817,621.1138248847926,331724.69,152.8685207373272,-13.726285714285714,-2.394405529953917,1,2170
1337,467541,166.44393022427911,307816.63,109.5822819508722,-15.862328230687076,-0.1997116411534354,0,2809
1338,345,1.0486322188449848,20091.94,61.06972644376899,-15.030668693009119,-1.6391489361702127,3,329
1339,308725,389.80429292929296,108377.87,136.84074494949493,-17.151818181818182,-1.3978030303030302,10,792
1340,893,1.317109144542773,77566.52,114.40489675516224,-19.641725663716816,-0.6199262536873157,14,678
1341,842644,577.1534246575343,178909.07,122.5404589041096,-13.934541095890411,-1.707780821917808,6,1460
1342,97488,294.5256797583082,59138.22,178.6653172205438,-14.97404833836858,-0.2690332326283988,36,331
1343,285811,225.2253743104807,141567.08,111.55798266351457,-18.683388494877857,-0.35339637509850275,8,1269
1344,23172,32.728813559322035,99037.77,139.8838559322034,-19.99593220338983,-2.8595762711864405,7,708
1345,1109,1.2835648148148149,90272.3,104.48182870370371,-18.71736111111111,-0.2370486111111111,14,864
1346,165381,160.5640776699029,142922.27,138.7594854368932,-13.360203883495146,0.0,12,1030
1347,2366,1.4304715840386941,194678.78,117.70180169286579,-15.705259975816203,-0.3811789600967352,9,1654
1348,170876,266.99375,67774.99,105.89842187500001,-16.567734375,0.0,1,640
1349,598,1.403755868544601,44737.85,105.01842723004694,-21.265751173708917,-1.4883098591549295,3,426
1350,97277,92.55661274976214,118101.0,112.37012369172217,-13.810704091341579,-0.2270789724072312,1,1051
1351,1391,2.0425844346549193,114360.77,167.93064610866372,-21.959897209985318,-0.36560939794419967,2,681
1352,2028,1.3711967545638946,162181.21,109.65599053414469,-13.509682217714673,-0.009634888438133874,11,1479
1353,11455,39.91289198606272,45342.34,157.98724738675958,-25.661149825783973,-0.21968641114982576,1,287
1354,14610,71.26829268292683,30102.0,146.8390243902439,-15.803073170731707,-0.1737560975609756,15,205
1355,407,1.0738786279683377,41750.22,110.15889182058048,-13.627414248021108,0.0,20,379
1356,64074,60.16338028169014,91728.21,86.12977464788733,-15.476629107981221,-0.22575586854460092,1,1065
1357,10964,14.44532279314888,62560.32,82.42466403162055,-23.439525691699604,-0.7766798418972332,17,759
1358,268602,1006.0,80908.29,303.0273033707865,-88.04955056179774,-1.4674906367041198,0,267
1359,63140,170.64864864864865,47296.01,127.82705405405406,-30.23064864864865,-0.850054054054054,4,370
1360,274816,187.33197000681662,138297.03,94.27200408997955,-12.743878663940015,-0.5645398773006135,12,1467
1361,301458,562.4216417910447,58247.67,108.67102611940298,-19.126380597014926,-2.030149253731343,12,536
1362,41705,132.8184713375796,40031.409999999996,127.48856687898088,-20.918375796178342,0.0,18,314
1363,136261,1297.7238095238095,24426.64,232.63466666666667,-10.733809523809523,0.0,173,105
1364,505050,424.4117647058824,301047.43,252.98103361344536,-16.75642857142857,-6.966226890756302,0,1190
1365,747,1.4910179640718564,39880.24,79.60127744510977,-29.931017964071856,-1.0017764471057886,149,501
1366,745,1.2844827586206897,47313.57,81.57512068965517,-17.193258620689654,0.0,40,580
1367,1511,1.1560826319816373,104852.11,80.22349655700077,-20.93840091813313,-1.075654169854629,0,1307
1368,55724,34.63269111249223,141705.15,88.07032318210068,-18.754605344934742,-0.28779366065879425,0,1609
1369,14343,16.354618015963513,88264.55,100.64372862029647,-10.944150513112886,-1.0348574686431014,3,877
1370,10748,29.127371273712736,44807.57,121.42972899728997,-28.62327913279133,-0.19306233062330622,4,369
1371,214792,263.22549019607845,82175.91,100.70577205882353,-16.319289215686272,-0.30730392156862746,3,816
1372,111021,102.32350230414747,108577.61,100.07152995391705,-11.40363133640553,-0.09027649769585253,2,1085
1373,20584,92.72072072072072,28734.21,129.43337837837836,-18.13391891891892,0.0,0,222
1374,179,1.1776315789473684,21910.1,144.1453947368421,-13.373947368421051,0.0,0,152
1375,617,1.2881002087682671,44555.53,93.01780793319415,-13.565219206680585,-0.1859081419624217,0,479
1376,267226,651.770731707317,70040.56999999999,170.83065853658536,-26.019121951219514,-0.5994634146341463,3,410
1377,242635,255.94409282700423,134071.96,141.42611814345992,-18.256508438818564,0.0,3,948
1378,165435,98.41463414634147,226018.19,134.45460440214157,-12.391653777513385,-0.6176561570493754,2,1681
1379,1024,1.3212903225806452,101790.7,131.3428387096774,-15.335354838709677,-0.08963870967741935,0,775
1380,543,1.6017699115044248,54789.56,161.6211209439528,-43.45740412979351,-0.6829793510324483,61,339
1381,57019,98.64878892733564,61552.7,106.49256055363321,-14.346920415224915,0.0,5,578
1382,750265,474.55091714105,203698.12,128.8413156230234,-24.03610373181531,-0.42693864642631246,7,1581
1383,171079,85.58229114557278,239314.66,119.71718859429716,-13.113621810905453,-0.04543771885942972,9,1999
1384,279111,216.70108695652175,155930.19,121.06381211180124,-18.007197204968943,-0.262445652173913,0,1288
1385,176243,130.4537379718727,138599.86,102.59056994818651,-12.574663212435233,-0.7788304959289416,0,1351
1386,333249,241.65989847715736,132154.91999999998,95.83387962291515,-15.590043509789702,-0.4468527918781726,3,1379
1387,418523,196.952,193055.78,90.8497788235294,-18.612654117647057,-0.6662870588235293,2,2125
1388,80142,125.8116169544741,129152.24,202.75076923076924,-15.710094191522764,0.0,0,637
1389,54133,66.83086419753086,53270.94,65.7665925925926,-16.58520987654321,-0.19787654320987655,5,810
1390,31641,58.05688073394495,50072.72,91.8765504587156,-22.288165137614676,-0.1307155963302752,3,545
1391,14321,10.608148148148148,111407.22,82.52386666666666,-14.269459259259259,0.0,2,1350
1392,62627,27.588986784140968,229330.71,101.02674449339207,-15.37011013215859,-0.08944052863436124,9,2270
1393,517163,493.47614503816794,148189.87,141.40254770992365,-14.387919847328243,0.0,0,1048
1394,548,1.481081081081081,41161.33,111.24683783783784,-14.911945945945947,0.0,15,370
1395,56462,174.80495356037153,39094.44,121.03541795665636,-16.749349845201237,-0.11027863777089783,3,323
1396,8663,8.986514522821576,96559.04,100.16497925311202,-15.36,-0.14410788381742737,55,964
1397,583,1.2095435684647302,49068.21,101.80126556016597,-20.000373443983403,0.0,1,482
1398,148866,156.86617492096943,102713.9,108.23382507903055,-22.421664910432032,-0.7056375131717597,2,949
1399,727,1.065982404692082,51156.409999999996,75.00939882697946,-20.046524926686217,0.0,5,682
1400,24765,39.75120385232745,68758.70999999999,110.36711075441411,-18.880192616372394,-1.4704975922953452,5,623
1401,799,1.2682539682539682,56729.39,90.0466507936508,-15.134888888888888,-0.056539682539682536,14,630
1402,1047,1.069458631256384,94436.69,96.46240040858018,-22.49269662921348,0.0,13,979
1403,53467,81.25683890577507,74427.78,113.11212765957447,-11.203434650455927,0.0,0,658
1404,498414,270.43624525230604,228774.16,124.13139446554531,-11.775355398806294,-0.469636462289745,0,1843
1405,236485,238.63269424823412,150505.42,151.87227043390516,-16.65578203834511,-0.0125832492431887,48,991
1406,270,1.1637931034482758,23937.52,103.17896551724138,-8.36293103448276,0.0,32,232
1407,27379,34.744923857868024,86940.77,110.33092639593909,-11.550571065989848,-2.146675126903553,13,788
1408,443993,281.54280279010777,191327.08,121.32344958782498,-12.319676601141408,-0.44157894736842107,5,1577
1409,243920,237.97073170731707,155775.86000000002,151.97644878048783,-22.66541463414634,-0.09904390243902439,3,1025
1410,51536,99.87596899224806,79960.85,154.96288759689924,-18.74736434108527,-0.055232558139534885,1,516
1411,203924,292.5738880918221,82214.38,117.95463414634148,-13.440817790530847,-0.2412051649928264,10,697
1412,176316,191.43973941368077,100810.29,109.4574267100977,-20.143029315960913,-0.9939522258414766,5,921
1413,631,1.3868131868131868,37838.64,83.16184615384616,-11.550087912087912,-0.5542637362637363,0,455
1414,18645,56.84451219512195,37372.07,113.93923780487805,-26.699573170731703,-0.6299085365853658,16,328
1415,9039,8.708092485549132,118769.59,114.42157032755298,-17.317080924855492,-0.7508381502890172,4,1038
1416,11004,30.23076923076923,33075.56,90.86692307692307,-24.656071428571426,-0.20549450549450549,47,364
1417,674,1.2232304900181488,59954.26,108.80990925589838,-16.3889110707804,-0.12929219600725952,5,551
1418,29962,22.359701492537315,114710.34999999999,85.60473880597014,-17.67668656716418,-1.3639104477611939,3,1340
1419,40683,51.82547770700637,66040.34,84.12782165605095,-11.35667515923567,-0.024955414012738854,3,785
1420,646,1.5454545454545454,57781.49,138.23322966507178,-24.587775119617227,-0.08521531100478469,21,418
1421,209,1.251497005988024,17574.84,105.2385628742515,-13.611976047904191,0.0,65,167
1422,82820,230.05555555555554,47935.13,133.1531388888889,-42.70152777777778,-1.5227499999999998,14,360
1423,501,1.3046875,38209.02,99.50265624999999,-19.064765625,-0.18552083333333333,103,384
1424,356500,218.7116564417178,171026.61,104.92430061349692,-25.000466257668712,-0.5146257668711656,1,1630
1425,60255,212.16549295774647,33800.99,119.0175704225352,-15.87338028169014,0.0,4,284
1426,309,1.1839080459770115,30524.79,116.95321839080461,-14.228429118773946,-0.4640229885057471,38,261
1427,601864,460.8453292496172,198729.76,152.16673813169984,-14.941255742725879,-0.0804594180704441,12,1306
1428,731720,337.66497461928935,289274.01,133.49054453161054,-13.029127826488232,-0.08054453161052146,6,2167
1429,26781,83.17080745341615,30745.85,95.48400621118012,-11.473291925465839,-0.22124223602484472,0,322
1430,11019,7.803824362606233,114631.70999999999,81.18393059490084,-13.913774787535411,-0.050453257790368265,1,1412
1431,24550,10.069729286300246,331128.02,135.81953240360951,-15.3186587366694,-0.10373256767842493,1,2438
1432,140028,88.96315120711563,189172.31,120.18571156289708,-13.133246505717915,0.0,2,1574
1433,693,1.4651162790697674,51456.17,108.7868287526427,-34.59200845665962,-0.8923678646934461,5,473
1434,13181,8.449358974358974,101968.9,65.36467948717949,-15.762955128205128,-0.08790384615384615,3,1560
1435,447,1.4466019417475728,33608.81,108.76637540453073,-15.53313915857605,-0.08644012944983819,14,309
1436,971,1.2946666666666666,101652.69,135.53692,-21.033546666666666,-0.28496,28,750
1437,533,1.1437768240343347,36828.05,79.03015021459228,-17.21648068669528,-1.2872103004291844,0,466
1438,1643,1.3959218351741716,100139.87,85.08060322854715,-19.06451146983857,-0.15131690739167375,1,1177
1439,15571,96.71428571428571,24499.22,152.16906832298136,-15.47167701863354,0.0,23,161
1440,220,1.1224489795918366,14142.77,72.15698979591836,-18.714744897959186,-0.45433673469387753,4,196
1441,152792,81.35889243876464,254683.03,135.61396698615548,-30.411395101171458,-1.6364430244941426,4,1878
1442,691,1.454736842105263,54475.71,114.6857052631579,-20.77884210526316,-0.14997894736842105,3,475
1443,212,1.0495049504950495,17362.05,85.95074257425742,-4.67440594059406,-0.5995544554455445,1,202
1444,182715,64.67787610619469,368772.71,130.53901238938053,-13.8034796460177,-0.5634867256637168,0,2825
1445,24327,149.24539877300614,23515.89,144.26926380368099,-16.859325153374233,0.0,6,163
1446,12630,28.318385650224215,52238.0,117.12556053811659,-18.79836322869955,-0.3633856502242152,29,446
1447,520,1.2776412776412776,41216.14,101.26815724815725,-28.5827027027027,-0.37633906633906633,3,407
1448,36698,148.5748987854251,42514.07,172.12174089068824,-12.862267206477734,0.0,21,247
1449,296287,144.45977571916137,226907.06,110.6324037055095,-12.90412481716236,-0.08162359824475865,6,2051
1450,60494,32.41907824222937,203570.13999999998,109.09439442658092,-20.723938906752412,-0.12121650589496248,4,1866
1451,3214,1.1992537313432836,246771.74,92.07900746268656,-12.599929104477612,-0.05701865671641791,3,2680
1452,690,1.3218390804597702,56064.85,107.40392720306514,-16.89756704980843,-0.7198850574712643,0,522
1453,13654,14.38777660695469,89797.85,94.6236564805058,-18.39559536354057,-0.06756585879873551,0,949
1454,108549,122.5158013544018,106524.67,120.23100451467269,-20.999571106094805,-0.2975056433408578,18,886
1455,16826,33.38492063492063,39624.479999999996,78.61999999999999,-19.34424603174603,-0.4593849206349206,2,504
1456,11201,36.249190938511326,48733.21,157.71265372168284,-21.51491909385113,-0.403462783171521,32,309
1457,36835,29.995928338762216,133634.66999999998,108.82302117263842,-24.753053745928337,-0.9716693811074919,5,1228
1458,208316,176.68871925360475,131756.75,111.75296861747243,-23.984622561492788,-0.3891263782866836,4,1179
1459,478,1.1573849878934626,30598.46,74.0882808716707,-13.428377723970945,-0.09745762711864407,11,413
1460,3362,1.701417004048583,269506.73,136.3900455465587,-21.90945850202429,-0.1854908906882591,0,1976
1461,14911,14.3375,93422.58,89.82940384615385,-14.517576923076923,-0.4195480769230769,11,1040
1462,7523,46.43827160493827,21928.61,135.36179012345679,-14.885493827160493,0.0,13,162
1463,191782,68.49357142857143,284042.58999999997,101.44378214285713,-21.767174999999998,-0.7114999999999999,5,2800
1464,195693,74.7205040091638,305838.44,116.7768003054601,-19.088327605956472,-0.027201221840397097,10,2619
1465,390,1.1818181818181819,26757.45,81.08318181818181,-14.803606060606059,0.0,10,330
1466,930913,270.3784490270113,557669.4,161.97194307290155,-13.753459192564623,-0.13293929712460062,0,3443
1467,13778,29.12896405919662,53719.01,113.57084566596195,-21.69179704016913,-3.2471670190274837,6,473
1468,31115,63.37067209775967,36856.0,75.06313645621181,-20.91837067209776,-1.1520162932790223,48,491
1469,66659,37.135933147632315,291493.4,162.39186629526463,-13.982055710306406,-0.6207130919220055,14,1795
1470,48184,62.01287001287001,77285.23,99.46619047619048,-16.775598455598455,-0.30943371943371945,3,777
1471,417409,475.9509692132269,138245.62,157.6346864310148,-16.53339794754846,-3.775176738882554,10,877
1472,356507,266.05,134660.3,100.49276119402984,-22.689358208955227,-1.4093805970149254,1,1340
1473,2566,1.1137152777777777,240891.05,104.55340711805555,-15.025716145833334,-0.04251302083333333,2,2304
1474,801,1.3692307692307693,44993.52,76.91199999999999,-18.8722905982906,-0.30444444444444446,2,585
1475,5197,1.317363751584284,280685.49,71.14968060836502,-9.09893536121673,-0.11466920152091255,0,3945
1476,45496,105.0715935334873,45652.87,105.43387990762125,-13.829076212471131,-0.8217782909930715,0,433
1477,18655,9.782380702674358,147174.49,77.17592553749344,-18.94093340325118,-0.15558993183009961,1,1907
1478,826332,1533.083487940631,127600.45,236.73552875695734,-25.761799628942487,-1.6785899814471243,0,539
1479,264985,277.76205450733755,105729.34999999999,110.8274109014675,-15.684654088050314,-0.46112159329140456,4,954
1480,31514,59.23684210526316,61745.52,116.06300751879698,-25.09864661654135,-1.8037781954887218,13,532
1481,29337,34.31228070175439,86823.72,101.54821052631578,-15.66217543859649,-0.15831578947368422,15,855
1482,301,1.2336065573770492,26307.65,107.81823770491803,-16.086311475409836,-0.14598360655737705,16,244
1483,82095,241.4558823529412,55940.27,164.53020588235293,-29.48829411764706,-1.3095588235294118,4,340
1484,38566,103.11764705882354,38069.1,101.78903743315507,-21.122192513368983,-0.1809625668449198,76,374
1485,825847,283.1151868357902,356813.06,122.32192663695578,-21.646482687692835,-0.37598217346588964,0,2917
1486,263555,331.5157232704403,107817.08,135.61896855345913,-15.50954716981132,0.0,4,795
1487,867,1.1216041397153946,55656.479999999996,72.00062095730918,-19.385109961190167,-0.25896507115135836,5,773
1488,306,1.1590909090909092,30694.61,116.26746212121212,-20.029431818181816,-0.13492424242424242,20,264
1489,139063,247.44306049822063,67797.49,120.63610320284698,-20.52473309608541,-0.4715480427046263,1,562
1490,861877,543.7709779179811,212753.0,134.22902208201893,-17.157766561514197,-0.24720504731861198,0,1585
1491,1096,1.211049723756906,104480.7,115.44828729281768,-12.610596685082873,0.0,1,905
1492,2301,1.1402378592666005,191360.48,94.82679881070368,-15.114935579781962,-0.03530227948463825,1,2018
1493,329949,260.0070921985816,130095.09,102.51780141843972,-16.564247438928287,-0.8089598108747045,0,1269
1494,16539,12.951448707909162,130313.77,102.04680501174629,-14.56814408770556,-0.05857478465152702,3,1277
1495,203009,468.84295612009237,64378.62,148.680415704388,-13.680484988452655,-0.16452655889145495,0,433
1496,253054,254.5814889336016,100862.46,101.47128772635816,-31.685633802816902,-4.087303822937625,11,994
1497,519,1.3307692307692307,46343.12,118.82851282051283,-12.865051282051281,0.0,18,390
1498,23090,35.46850998463902,61976.68,95.20227342549923,-15.754193548387097,-0.24895545314900153,5,651
1499,69946,74.33156216790648,75901.3,80.66025504782147,-24.624803400637617,-0.3005526036131775,1,941
1500,32295,35.96325167037862,127727.53,142.23555679287304,-25.905423162583517,-1.1939309576837416,1,898
1501,516,1.421487603305785,43706.7,120.40413223140494,-17.750991735537188,-2.3304683195592286,1,363
1502,86193,174.12727272727273,57606.46,116.37668686868686,-16.622060606060607,-0.592929292929293,0,495
1503,21819,67.97196261682242,21146.01,65.87542056074766,-14.37214953271028,0.0,4,321
1504,34990,26.874039938556066,147127.21,113.00092933947772,-20.91968509984639,-0.3343164362519201,1,1302
1505,46769,229.25980392156862,26451.26,129.66303921568627,-23.161421568627446,0.0,23,204
1506,331553,399.46144578313255,79473.74,95.75149397590361,-23.622289156626508,-1.99989156626506,4,830
1507,61093,97.59265175718849,42354.0,67.65814696485623,-16.19541533546326,-0.4409744408945686,3,626
1508,297,1.400943396226415,21261.89,100.29193396226415,-16.868915094339624,0.0,193,212
1509,298753,236.729793977813,148738.9,117.85966719492868,-12.455507131537242,-0.00705229793977813,0,1262
1510,4220,26.375,23173.89,144.8368125,-29.150937499999998,-0.8905,81,160
1511,429,1.3448275862068966,36904.34,115.68758620689654,-14.459968652037617,0.0,4,319
1512,288,1.2743362831858407,24649.579999999998,109.06893805309734,-13.1729203539823,-0.1181858407079646,5,226
1513,44735,372.7916666666667,14664.4,122.20333333333333,-46.18425,-3.2651666666666666,4,120
1514,801,1.5463320463320462,70234.71,135.58824324324326,-13.783011583011582,-0.30256756756756753,11,518
1515,376396,2492.6887417218545,45610.99,302.05953642384105,-9.641655629139072,0.0,8,151
1516,1791,1.3713629402756509,114603.81,87.7517687595712,-14.435742725880553,-0.1772741194486983,0,1306
1517,612,1.3304347826086957,50447.36,109.66817391304347,-18.594304347826085,-0.48784782608695654,4,460
1518,636026,285.8543820224719,283213.49,127.28696179775281,-28.72260674157303,-1.047932584269663,2,2225
1519,127495,216.09322033898306,66229.08,112.2526779661017,-16.553661016949153,-0.1207457627118644,12,590
1520,154945,250.7200647249191,99732.33,161.37917475728156,-19.693624595469256,-0.45245954692556634,0,618
1521,275636,263.7665071770335,134718.73,128.91744497607655,-45.67720574162679,-1.1875598086124401,2,1045
1522,603,1.2132796780684105,56635.409999999996,113.95454728370221,-17.592193158953723,-0.4909456740442656,1,497
1523,492,1.0649350649350648,53058.23,114.84465367965369,-9.061341991341992,0.0,11,462
1524,4087,1.5958609918000781,284225.68,110.98230378758298,-26.792057789925813,-0.37956657555642326,1,2561
1525,592,1.2731182795698925,45641.76,98.15432258064517,-11.00374193548387,0.0,116,465
1526,37043,55.70375939849624,86689.51,130.36016541353382,-13.810315789473686,0.0,9,665
1527,17260,67.68627450980392,26531.13,104.04364705882354,-16.342980392156864,0.0,13,255
1528,46554,52.01564245810056,86450.7,96.59296089385475,-15.204245810055864,0.0,3,895
1529,2014,1.191715976331361,164327.33,97.23510650887573,-18.89207100591716,-1.4545147928994084,2,1690
1530,16832,21.360406091370557,68573.89,87.02270304568528,-17.925,-0.8439467005076142,1,788
1531,1105,1.1656118143459915,95933.53,101.19570675105486,-11.407689873417722,0.0,2,948
1532,370918,531.4011461318051,119758.41,171.57365329512893,-21.5376217765043,-0.719541547277937,6,698
1533,154341,356.445727482679,56783.06,131.13870669745958,-18.96337182448037,-0.34304849884526556,9,433
1534,460680,268.3051834595224,187362.68,109.12211997670354,-27.372283051834593,-0.6955387303436226,0,1717
1535,501,1.9122137404580153,30796.989999999998,117.54576335877861,-31.22862595419847,-0.6117938931297711,12,262
1536,42896,85.28031809145129,48001.4,95.43021868787277,-18.921829025844932,-0.32220675944333993,46,503
1537,119942,77.93502274204029,124857.42,81.12892787524366,-18.687166991552957,-0.2300584795321637,0,1539
1538,1070,1.3375,101449.61,126.8120125,-15.4616625,-0.28004999999999997,5,800
1539,195611,489.0275,59614.13,149.035325,-15.664774999999999,0.0,0,400
1540,204,1.3877551020408163,11677.17,79.4365306122449,-27.99918367346939,0.0,22,147
1541,396,1.2733118971061093,30425.02,97.82964630225081,-13.321414790996785,-0.45813504823151124,10,311
1542,292,1.2066115702479339,20241.579999999998,83.64289256198346,-21.57776859504132,-4.480371900826446,3,242
1543,352231,539.4042879019908,112629.04,172.47938744257274,-30.280704441041348,-0.7194946401225114,96,653
1544,129770,79.85846153846154,150453.41,92.58671384615384,-27.49691692307692,-0.6334646153846153,1,1625
1545,733078,678.1480111008326,180191.35,166.68950046253468,-24.889759481961146,-0.6441905642923219,0,1081
1546,1549,1.2876142975893599,185016.35,153.7958021612635,-15.978620116375726,0.0,0,1203
1547,11226,5.95859872611465,233714.3,124.05217622080679,-27.350950106157114,-4.219235668789809,0,1884
1548,191986,327.6211604095563,61180.63,104.40380546075085,-21.256945392491467,-3.293924914675768,13,586
1549,71286,46.99143045484509,161256.88,106.29985497692815,-24.83163480553724,-3.4008503625576796,7,1517
1550,5149,7.995341614906832,61563.57,95.5956055900621,-14.142717391304348,0.0,2,644
1551,832,1.2417910447761193,85253.59,127.24416417910447,-17.0655223880597,-0.4784626865671642,10,670
1552,1164,1.7770992366412213,111299.35,169.9226717557252,-24.51369465648855,-0.3833740458015267,1,655
1553,459,1.2338709677419355,29248.9,78.6260752688172,-11.205537634408602,0.0,1,372
1554,14432,34.94430992736078,33301.68,80.63360774818402,-17.69593220338983,-2.1691283292978207,3,413
1555,457828,101.24458204334366,518142.14,114.5825165855816,-21.86237284387439,-0.9007275541795665,0,4522
1556,15064,9.910526315789474,210279.32,138.34165789473684,-21.68959210526316,-1.5595,3,1520
1557,651,1.513953488372093,57390.8,133.46697674418604,-16.592209302325582,0.0,3,430
1558,45148,16.555922258892554,276411.52,101.36102676934361,-37.19409974330766,-3.122698936560323,0,2727
1559,982,1.3128342245989304,70777.58,94.62243315508022,-23.13477272727273,-0.4975935828877005,20,748
1560,20348,95.53051643192488,20914.49,98.19009389671362,-21.30845070422535,-4.622112676056338,2,213
1561,274,1.5480225988700564,21803.2,123.1819209039548,-23.336158192090394,0.0,20,177
1562,208,1.1555555555555554,12770.42,70.94677777777778,-48.52566666666667,-3.1661666666666664,48,180
1563,16441,18.984988452655887,101664.08,117.39501154734411,-18.321374133949192,-1.2462933025404157,4,866
1564,85465,445.1302083333333,29549.21,153.90213541666665,-24.373593749999998,-0.46380208333333334,48,192
1565,1102,1.2176795580110498,74584.05,82.41331491712708,-14.630298342541437,-0.08265193370165745,9,905
1566,282396,106.12401352874859,297070.87,111.63880871852687,-12.31151446824502,-0.5599285982713266,4,2661
1567,311867,382.65889570552145,101297.57,124.29149693251534,-23.98160736196319,-0.9571042944785275,1,815
1568,1035,1.5265486725663717,63708.82,93.96581120943952,-22.23286135693215,-0.2626843657817109,5,678
1569,164,1.3015873015873016,7806.08,61.95301587301587,-11.406746031746032,-0.07063492063492063,5,126
1570,283064,238.47009267059815,147788.32,124.5057455770851,-17.27300758213985,-0.06001684919966301,24,1187
1571,35171,87.0569306930693,39730.89,98.34378712871288,-13.76279702970297,0.0,5,404
1572,37886,44.99524940617577,62505.17,74.23416864608076,-16.39606888361045,-0.266520190023753,7,842
1573,195931,165.9026248941575,137584.57,116.49836579170196,-13.891464860287892,-0.6692548687552922,4,1181
1574,155276,63.89958847736626,243618.73,100.25462139917695,-17.977061728395064,-4.9126748971193415,3,2430
1575,28107,56.78181818181818,41932.18,84.71147474747475,-13.56430303030303,-0.10793939393939393,3,495
1576,85800,124.89082969432314,73999.42,107.71385735080058,-16.389213973799126,0.0,6,687
1577,37628,132.49295774647888,39296.5,138.36795774647888,-25.934718309859154,-0.43897887323943663,13,284
1578,107107,136.7905491698595,82019.45999999999,104.7502681992337,-18.62558109833972,-0.9803575989782887,20,783
1579,1756,1.5111876075731498,146358.88999999998,125.95429432013768,-22.934569707401035,-0.29121342512908777,1,1162
1580,20467,38.68998109640832,59426.1,112.33667296786389,-12.697277882797732,0.0,2,529
1581,142571,282.31881188118814,57532.24,113.92522772277228,-14.767089108910891,0.0,5,505
1582,183659,216.06941176470588,117931.44,138.7428705882353,-24.92309411764706,-2.724658823529412,8,850
